,InvoiceNo,StockCode,Description,Quantity,InvoiceDate,UnitPrice,CustomerID,Country
7214,537022,22791,T-LIGHT GLASS FLUTED ANTIQUE,12,2010-12-03 15:45:00,1.25,12725.0,Italy
7215,537022,21287,SCENTED VELVET LOUNGE CANDLE,12,2010-12-03 15:45:00,1.25,12725.0,Italy
7216,537022,79337,BLUE FLOCK GLASS CANDLEHOLDER,6,2010-12-03 15:45:00,1.65,12725.0,Italy
7217,537022,85111,SILVER GLITTER FLOWER VOTIVE HOLDER,12,2010-12-03 15:45:00,1.25,12725.0,Italy
7218,537022,85038,6 CHOCOLATE LOVE HEART T-LIGHTS,6,2010-12-03 15:45:00,2.1,12725.0,Italy
7219,537022,22809,SET OF 6 T-LIGHTS SANTA,6,2010-12-03 15:45:00,2.95,12725.0,Italy
7220,537022,22810,SET OF 6 T-LIGHTS SNOWMEN,6,2010-12-03 15:45:00,2.95,12725.0,Italy
7221,537022,20956,PORCELAIN T-LIGHT HOLDERS ASSORTED,12,2010-12-03 15:45:00,1.25,12725.0,Italy
7222,537022,22307,GOLD MUG BONE CHINA TREE OF LIFE,6,2010-12-03 15:45:00,1.95,12725.0,Italy
7223,537022,85078,SCANDINAVIAN 3 HEARTS NAPKIN RING,24,2010-12-03 15:45:00,0.65,12725.0,Italy
7224,537022,72802A,ROSE SCENT CANDLE IN JEWELLED BOX,6,2010-12-03 15:45:00,4.25,12725.0,Italy
7225,537022,72803A,ROSE SCENT CANDLE JEWELLED DRAWER,4,2010-12-03 15:45:00,4.25,12725.0,Italy
7226,537022,72807C,SET/3 VANILLA SCENTED CANDLE IN BOX,4,2010-12-03 15:45:00,4.25,12725.0,Italy
7227,537022,85034A,3 GARDENIA MORRIS BOXED CANDLES,4,2010-12-03 15:45:00,4.25,12725.0,Italy
7228,537022,85035C,ROSE 3 WICK MORRIS BOX CANDLE,4,2010-12-03 15:45:00,4.25,12725.0,Italy
7229,537022,85036B,CHOCOLATE 1 WICK MORRIS BOX CANDLE,6,2010-12-03 15:45:00,4.25,12725.0,Italy
7230,537022,85035B,CHOCOLATE 3 WICK MORRIS BOX CANDLE,4,2010-12-03 15:45:00,4.25,12725.0,Italy
7231,537022,85035A,GARDENIA 3 WICK MORRIS BOXED CANDLE,4,2010-12-03 15:45:00,4.25,12725.0,Italy
7232,537022,85034C,3 ROSE MORRIS BOXED CANDLES,4,2010-12-03 15:45:00,4.25,12725.0,Italy
7233,537022,72741,GRAND CHOCOLATECANDLE,9,2010-12-03 15:45:00,1.45,12725.0,Italy
7234,537022,84614A,PINK BAROQUE FLOCK CANDLE HOLDER,2,2010-12-03 15:45:00,5.95,12725.0,Italy
7235,537022,22697,GREEN REGENCY TEACUP AND SAUCER,6,2010-12-03 15:45:00,2.95,12725.0,Italy
7236,537022,84031A,CHARLIE+LOLA RED HOT WATER BOTTLE,3,2010-12-03 15:45:00,4.65,12725.0,Italy
7237,537022,POST,POSTAGE,2,2010-12-03 15:45:00,28.0,12725.0,Italy
41139,539752,22215,CAKE STAND WHITE TWO TIER LACE,2,2010-12-21 15:43:00,8.5,12515.0,Italy
41140,539752,22423,REGENCY CAKESTAND 3 TIER,2,2010-12-21 15:43:00,12.75,12515.0,Italy
41141,539752,22223,CAKE PLATE LOVEBIRD PINK,12,2010-12-21 15:43:00,1.95,12515.0,Italy
41142,539752,22236,CAKE STAND 3 TIER MAGIC GARDEN,2,2010-12-21 15:43:00,12.75,12515.0,Italy
41143,539752,22221,CAKE STAND LOVEBIRD 2 TIER PINK,2,2010-12-21 15:43:00,9.95,12515.0,Italy
41144,539752,15036,ASSORTED COLOURS SILK FAN,12,2010-12-21 15:43:00,0.75,12515.0,Italy
41145,539752,15056N,EDWARDIAN PARASOL NATURAL,3,2010-12-21 15:43:00,5.95,12515.0,Italy
41146,539752,15056P,EDWARDIAN PARASOL PINK,3,2010-12-21 15:43:00,5.95,12515.0,Italy
41147,539752,22969,HOMEMADE JAM SCENTED CANDLES,12,2010-12-21 15:43:00,1.45,12515.0,Italy
41148,539752,22720,SET OF 3 CAKE TINS PANTRY DESIGN,3,2010-12-21 15:43:00,4.95,12515.0,Italy
41149,539752,21976,PACK OF 60 MUSHROOM CAKE CASES,24,2010-12-21 15:43:00,0.55,12515.0,Italy
41150,539752,21977,PACK OF 60 PINK PAISLEY CAKE CASES,24,2010-12-21 15:43:00,0.55,12515.0,Italy
41151,539752,22938,CUPCAKE LACE PAPER SET 6,12,2010-12-21 15:43:00,1.95,12515.0,Italy
41152,539752,21108,FAIRY CAKE FLANNEL ASSORTED COLOUR,9,2010-12-21 15:43:00,2.55,12515.0,Italy
41153,539752,22697,GREEN REGENCY TEACUP AND SAUCER,6,2010-12-21 15:43:00,2.95,12515.0,Italy
41154,539752,POST,POSTAGE,3,2010-12-21 15:43:00,35.0,12515.0,Italy
56763,541115,84378,SET OF 3 HEART COOKIE CUTTERS,24,2011-01-13 15:34:00,1.25,12578.0,Italy
56764,541115,22301,COFFEE MUG CAT + BIRD DESIGN,12,2011-01-13 15:34:00,2.55,12578.0,Italy
56765,541115,22300,COFFEE MUG DOG + BALL DESIGN,12,2011-01-13 15:34:00,2.55,12578.0,Italy
56766,541115,22350,ILLUSTRATED CAT BOWL,12,2011-01-13 15:34:00,2.55,12578.0,Italy
56767,541115,22349,DOG BOWL CHASING BALL DESIGN,12,2011-01-13 15:34:00,3.75,12578.0,Italy
56768,541115,22659,LUNCH BOX I LOVE LONDON,12,2011-01-13 15:34:00,1.95,12578.0,Italy
56769,541115,22630,DOLLY GIRL LUNCH BOX,12,2011-01-13 15:34:00,1.95,12578.0,Italy
56770,541115,22631,CIRCUS PARADE LUNCH BOX,12,2011-01-13 15:34:00,1.95,12578.0,Italy
56771,541115,22629,SPACEBOY LUNCH BOX,12,2011-01-13 15:34:00,1.95,12578.0,Italy
56772,541115,22190,LOCAL CAFE MUG,12,2011-01-13 15:34:00,2.1,12578.0,Italy
56773,541115,22348,TEA BAG PLATE RED RETROSPOT,24,2011-01-13 15:34:00,0.85,12578.0,Italy
56774,541115,22352,LUNCH BOX WITH CUTLERY RETROSPOT,12,2011-01-13 15:34:00,2.55,12578.0,Italy
56775,541115,22328,ROUND SNACK BOXES SET OF 4 FRUITS,6,2011-01-13 15:34:00,2.95,12578.0,Italy
56776,541115,22135,MINI LADLE LOVE HEART PINK,12,2011-01-13 15:34:00,0.42,12578.0,Italy
56777,541115,22134,MINI LADLE LOVE HEART RED,24,2011-01-13 15:34:00,0.42,12578.0,Italy
56778,541115,22558,CLOTHES PEGS RETROSPOT PACK 24,24,2011-01-13 15:34:00,1.49,12578.0,Italy
56779,541115,22365,DOORMAT RESPECTABLE HOUSE,2,2011-01-13 15:34:00,7.95,12578.0,Italy
56780,541115,48184,DOORMAT ENGLISH ROSE,2,2011-01-13 15:34:00,7.95,12578.0,Italy
56781,541115,22366,DOORMAT AIRMAIL,4,2011-01-13 15:34:00,7.95,12578.0,Italy
56782,541115,21775,DECORATIVE FLORE BATHROOM BOTTLE,12,2011-01-13 15:34:00,1.25,12578.0,Italy
56783,541115,21774,DECORATIVE CATS BATHROOM BOTTLE,12,2011-01-13 15:34:00,1.25,12578.0,Italy
56784,541115,22494,EMERGENCY FIRST AID TIN,12,2011-01-13 15:34:00,1.25,12578.0,Italy
56785,541115,21906,PHARMACIE FIRST AID TIN,6,2011-01-13 15:34:00,6.75,12578.0,Italy
56786,541115,21260,FIRST AID TIN,6,2011-01-13 15:34:00,3.25,12578.0,Italy
56787,541115,POST,POSTAGE,7,2011-01-13 15:34:00,28.0,12578.0,Italy
56788,541115,22471,TV DINNER TRAY AIR HOSTESS,3,2011-01-13 15:34:00,4.95,12578.0,Italy
56789,541115,22314,OFFICE MUG WARMER CHOC+BLUE,12,2011-01-13 15:34:00,2.95,12578.0,Italy
56790,541115,22313,OFFICE MUG WARMER PINK,12,2011-01-13 15:34:00,2.95,12578.0,Italy
56791,541115,22312,OFFICE MUG WARMER POLKADOT,6,2011-01-13 15:34:00,2.95,12578.0,Italy
56792,541115,22311,OFFICE MUG WARMER BLACK+SILVER,6,2011-01-13 15:34:00,2.95,12578.0,Italy
56793,541115,22433,WATERING CAN GREEN DINOSAUR,12,2011-01-13 15:34:00,1.95,12578.0,Italy
56794,541115,22431,WATERING CAN BLUE ELEPHANT,12,2011-01-13 15:34:00,1.95,12578.0,Italy
56795,541115,22444,GROW YOUR OWN PLANT IN A CAN,24,2011-01-13 15:34:00,1.25,12578.0,Italy
56796,541115,22525,CHILDRENS GARDEN GLOVES PINK,12,2011-01-13 15:34:00,1.25,12578.0,Italy
56797,541115,22524,CHILDRENS GARDEN GLOVES BLUE,12,2011-01-13 15:34:00,1.25,12578.0,Italy
56798,541115,22521,CHILDS GARDEN TROWEL PINK,12,2011-01-13 15:34:00,0.85,12578.0,Italy
56799,541115,22520,CHILDS GARDEN TROWEL BLUE,12,2011-01-13 15:34:00,0.85,12578.0,Italy
56800,541115,22523,CHILDS GARDEN FORK PINK,12,2011-01-13 15:34:00,0.85,12578.0,Italy
56801,541115,22522,CHILDS GARDEN FORK BLUE,12,2011-01-13 15:34:00,0.85,12578.0,Italy
56802,541115,22515,CHILDS GARDEN SPADE PINK,6,2011-01-13 15:34:00,2.1,12578.0,Italy
56803,541115,22514,CHILDS GARDEN SPADE BLUE,6,2011-01-13 15:34:00,2.1,12578.0,Italy
56804,541115,22519,CHILDS GARDEN BRUSH PINK,6,2011-01-13 15:34:00,2.1,12578.0,Italy
56805,541115,22518,CHILDS GARDEN BRUSH BLUE,6,2011-01-13 15:34:00,2.1,12578.0,Italy
56806,541115,22517,CHILDS GARDEN RAKE PINK,6,2011-01-13 15:34:00,2.1,12578.0,Italy
56807,541115,22516,CHILDS GARDEN RAKE BLUE,6,2011-01-13 15:34:00,2.1,12578.0,Italy
56808,541115,22556,PLASTERS IN TIN CIRCUS PARADE,12,2011-01-13 15:34:00,1.65,12578.0,Italy
56809,541115,22554,PLASTERS IN TIN WOODLAND ANIMALS,12,2011-01-13 15:34:00,1.65,12578.0,Italy
56810,541115,21561,DINOSAUR LUNCH BOX WITH CUTLERY,6,2011-01-13 15:34:00,2.55,12578.0,Italy
56811,541115,21559,STRAWBERRY LUNCH BOX WITH CUTLERY,6,2011-01-13 15:34:00,2.55,12578.0,Italy
56812,541115,22472,TV DINNER TRAY DOLLY GIRL,3,2011-01-13 15:34:00,4.95,12578.0,Italy
56813,541115,22474,SPACEBOY TV DINNER TRAY,3,2011-01-13 15:34:00,4.95,12578.0,Italy
56814,541115,22272,FELTCRAFT DOLL MARIA,6,2011-01-13 15:34:00,2.95,12578.0,Italy
56815,541115,22273,FELTCRAFT DOLL MOLLY,6,2011-01-13 15:34:00,2.95,12578.0,Italy
56816,541115,22271,FELTCRAFT DOLL ROSIE,6,2011-01-13 15:34:00,2.95,12578.0,Italy
56817,541115,22113,GREY HEART HOT WATER BOTTLE,8,2011-01-13 15:34:00,3.75,12578.0,Italy
56818,541115,22111,SCOTTIE DOG HOT WATER BOTTLE,8,2011-01-13 15:34:00,4.95,12578.0,Italy
56819,541115,21485,RETROSPOT HEART HOT WATER BOTTLE,6,2011-01-13 15:34:00,4.95,12578.0,Italy
56820,541115,22099,CARAVAN SQUARE TISSUE BOX,12,2011-01-13 15:34:00,1.25,12578.0,Italy
56821,541115,22098,BOUDOIR SQUARE TISSUE BOX,12,2011-01-13 15:34:00,1.25,12578.0,Italy
56822,541115,20725,LUNCH BAG RED RETROSPOT,10,2011-01-13 15:34:00,1.65,12578.0,Italy
56823,541115,85178,VICTORIAN SEWING KIT,12,2011-01-13 15:34:00,1.25,12578.0,Italy
56824,541115,21787,RAIN PONCHO RETROSPOT,24,2011-01-13 15:34:00,0.85,12578.0,Italy
56825,541115,21786,POLKADOT RAIN HAT,24,2011-01-13 15:34:00,0.42,12578.0,Italy
56826,541115,15060B,FAIRY CAKE DESIGN UMBRELLA,4,2011-01-13 15:34:00,3.75,12578.0,Italy
56827,541115,22379,RECYCLING BAG RETROSPOT,5,2011-01-13 15:34:00,2.1,12578.0,Italy
56828,541115,21936,RED RETROSPOT PICNIC BAG,5,2011-01-13 15:34:00,2.95,12578.0,Italy
56829,541115,21844,RED RETROSPOT MUG,12,2011-01-13 15:34:00,2.95,12578.0,Italy
56830,541115,22310,IVORY KNITTED MUG COSY,18,2011-01-13 15:34:00,1.65,12578.0,Italy
56831,541115,84828,JUNGLE POPSICLES ICE LOLLY HOLDERS,12,2011-01-13 15:34:00,1.25,12578.0,Italy
56832,541115,84380,SET OF 3 BUTTERFLY COOKIE CUTTERS,24,2011-01-13 15:34:00,1.25,12578.0,Italy
65944,541703,20728,LUNCH BAG CARS BLUE,20,2011-01-21 09:52:00,1.65,12594.0,Italy
65945,541703,20726,LUNCH BAG WOODLAND,20,2011-01-21 09:52:00,1.65,12594.0,Italy
65946,541703,22466,FAIRY TALE COTTAGE NIGHTLIGHT,12,2011-01-21 09:52:00,1.95,12594.0,Italy
65947,541703,22139,RETROSPOT TEA SET CERAMIC 11 PC,6,2011-01-21 09:52:00,4.95,12594.0,Italy
65948,541703,21365,MIRRORED WALL ART STARS,12,2011-01-21 09:52:00,2.95,12594.0,Italy
65949,541703,21371,MIRRORED WALL ART POPPIES,12,2011-01-21 09:52:00,2.55,12594.0,Italy
65950,541703,22549,PICTURE DOMINOES,12,2011-01-21 09:52:00,1.45,12594.0,Italy
65951,541703,22380,TOY TIDY SPACEBOY,10,2011-01-21 09:52:00,2.1,12594.0,Italy
65952,541703,22381,TOY TIDY PINK POLKADOT,10,2011-01-21 09:52:00,2.1,12594.0,Italy
65953,541703,22379,RECYCLING BAG RETROSPOT,5,2011-01-21 09:52:00,2.1,12594.0,Italy
65954,541703,71270,PHOTO CLIP LINE,24,2011-01-21 09:52:00,1.25,12594.0,Italy
65955,541703,POST,POSTAGE,2,2011-01-21 09:52:00,28.0,12594.0,Italy
72275,542238,47580,TEA TIME DES TEA COSY,6,2011-01-26 14:35:00,2.55,12591.0,Italy
72276,542238,22261,FELT EGG COSY WHITE RABBIT,12,2011-01-26 14:35:00,0.85,12591.0,Italy
72277,542238,22260,FELT EGG COSY BLUE RABBIT,12,2011-01-26 14:35:00,0.85,12591.0,Italy
72278,542238,22066,LOVE HEART TRINKET POT,12,2011-01-26 14:35:00,1.45,12591.0,Italy
72279,542238,22611,VINTAGE UNION JACK SHOPPING BAG,3,2011-01-26 14:35:00,4.95,12591.0,Italy
72280,542238,22961,JAM MAKING SET PRINTED,12,2011-01-26 14:35:00,1.45,12591.0,Italy
72281,542238,22222,CAKE PLATE LOVEBIRD WHITE,3,2011-01-26 14:35:00,4.95,12591.0,Italy
72282,542238,22890,NOVELTY BISCUITS CAKE STAND 3 TIER,2,2011-01-26 14:35:00,9.95,12591.0,Italy
72283,542238,22956,36 FOIL HEART CAKE CASES,6,2011-01-26 14:35:00,2.1,12591.0,Italy
72284,542238,21068,VINTAGE BILLBOARD LOVE/HATE MUG,12,2011-01-26 14:35:00,1.25,12591.0,Italy
72285,542238,84050,PINK HEART SHAPE EGG FRYING PAN,6,2011-01-26 14:35:00,1.65,12591.0,Italy
72286,542238,84988,SET OF 72 PINK HEART PAPER DOILIES,24,2011-01-26 14:35:00,1.45,12591.0,Italy
72287,542238,84992,72 SWEETHEART FAIRY CAKE CASES,24,2011-01-26 14:35:00,0.55,12591.0,Italy
72288,542238,22937,BAKING MOULD CHOCOLATE CUPCAKES,6,2011-01-26 14:35:00,2.55,12591.0,Italy
72289,542238,22667,RECIPE BOX RETROSPOT,6,2011-01-26 14:35:00,2.95,12591.0,Italy
72290,542238,22131,FOOD CONTAINER SET 3 LOVE HEART,6,2011-01-26 14:35:00,1.95,12591.0,Italy
72291,542238,22133,PINK LOVE HEART SHAPE CUP,12,2011-01-26 14:35:00,0.85,12591.0,Italy
72292,542238,22132,RED LOVE HEART SHAPE CUP,12,2011-01-26 14:35:00,0.85,12591.0,Italy
72293,542238,22364,GLASS JAR DIGESTIVE BISCUITS,6,2011-01-26 14:35:00,2.95,12591.0,Italy
72294,542238,22363,GLASS JAR MARMALADE,6,2011-01-26 14:35:00,2.95,12591.0,Italy
72295,542238,22923,FRIDGE MAGNETS LES ENFANTS ASSORTED,12,2011-01-26 14:35:00,0.85,12591.0,Italy
72296,542238,22922,FRIDGE MAGNETS US DINER ASSORTED,12,2011-01-26 14:35:00,0.85,12591.0,Italy
72297,542238,22079,RIBBON REEL HEARTS DESIGN,10,2011-01-26 14:35:00,1.65,12591.0,Italy
72298,542238,22776,SWEETHEART CAKESTAND 3 TIER,1,2011-01-26 14:35:00,9.95,12591.0,Italy
72299,542238,POST,POSTAGE,3,2011-01-26 14:35:00,28.0,12591.0,Italy
72300,542238,21524,DOORMAT SPOTTY HOME SWEET HOME,2,2011-01-26 14:35:00,7.95,12591.0,Italy
94616,544399,22381,TOY TIDY PINK POLKADOT,10,2011-02-18 12:28:00,2.1,12594.0,Italy
94617,544399,84375,SET OF 20 KIDS COOKIE CUTTERS,12,2011-02-18 12:28:00,2.1,12594.0,Italy
94618,544399,22380,TOY TIDY SPACEBOY,10,2011-02-18 12:28:00,2.1,12594.0,Italy
94619,544399,22556,PLASTERS IN TIN CIRCUS PARADE,12,2011-02-18 12:28:00,1.65,12594.0,Italy
94620,544399,22898,CHILDRENS APRON APPLES DESIGN,8,2011-02-18 12:28:00,1.95,12594.0,Italy
94621,544399,22379,RECYCLING BAG RETROSPOT,10,2011-02-18 12:28:00,2.1,12594.0,Italy
94622,544399,22584,PACK OF 6 PANNETONE GIFT BOXES,6,2011-02-18 12:28:00,2.55,12594.0,Italy
94623,544399,22583,PACK OF 6 HANDBAG GIFT BOXES,6,2011-02-18 12:28:00,2.55,12594.0,Italy
94624,544399,22582,PACK OF 6 SWEETIE GIFT BOXES,6,2011-02-18 12:28:00,2.55,12594.0,Italy
94625,544399,20712,JUMBO BAG WOODLAND ANIMALS,10,2011-02-18 12:28:00,1.95,12594.0,Italy
94626,544399,20713,JUMBO BAG OWLS,10,2011-02-18 12:28:00,1.95,12594.0,Italy
94627,544399,20711,JUMBO BAG TOYS,10,2011-02-18 12:28:00,1.95,12594.0,Italy
94628,544399,POST,POSTAGE,1,2011-02-18 12:28:00,28.0,12594.0,Italy
109898,545664,21754,HOME BUILDING BLOCK WORD,3,2011-03-04 15:15:00,5.95,12584.0,Italy
109899,545664,21260,FIRST AID TIN,6,2011-03-04 15:15:00,3.25,12584.0,Italy
109900,545664,22848,BREAD BIN DINER STYLE PINK,1,2011-03-04 15:15:00,16.95,12584.0,Italy
109901,545664,84849B,FAIRY SOAP SOAP HOLDER,12,2011-03-04 15:15:00,1.69,12584.0,Italy
109902,545664,21624,VINTAGE UNION JACK DOORSTOP,3,2011-03-04 15:15:00,5.95,12584.0,Italy
109903,545664,21623,VINTAGE UNION JACK MEMOBOARD,2,2011-03-04 15:15:00,9.95,12584.0,Italy
109904,545664,48138,DOORMAT UNION FLAG,2,2011-03-04 15:15:00,7.95,12584.0,Italy
109905,545664,21622,VINTAGE UNION JACK CUSHION COVER,12,2011-03-04 15:15:00,4.95,12584.0,Italy
109906,545664,21524,DOORMAT SPOTTY HOME SWEET HOME,2,2011-03-04 15:15:00,7.95,12584.0,Italy
109907,545664,22366,DOORMAT AIRMAIL,2,2011-03-04 15:15:00,7.95,12584.0,Italy
109908,545664,22692,DOORMAT WELCOME TO OUR HOME,2,2011-03-04 15:15:00,7.95,12584.0,Italy
109909,545664,22722,SET OF 6 SPICE TINS PANTRY DESIGN,8,2011-03-04 15:15:00,3.95,12584.0,Italy
109910,545664,22720,SET OF 3 CAKE TINS PANTRY DESIGN,6,2011-03-04 15:15:00,4.95,12584.0,Italy
109911,545664,21756,BATH BUILDING BLOCK WORD,3,2011-03-04 15:15:00,5.95,12584.0,Italy
109912,545664,22667,RECIPE BOX RETROSPOT,12,2011-03-04 15:15:00,2.95,12584.0,Italy
109913,545664,21217,RED RETROSPOT ROUND CAKE TINS,1,2011-03-04 15:15:00,9.95,12584.0,Italy
109914,545664,21216,"SET 3 RETROSPOT TEA,COFFEE,SUGAR",4,2011-03-04 15:15:00,4.95,12584.0,Italy
109915,545664,POST,POSTAGE,3,2011-03-04 15:15:00,28.0,12584.0,Italy
122447,546875,21754,HOME BUILDING BLOCK WORD,6,2011-03-17 16:38:00,5.95,12514.0,Italy
122448,546875,21756,BATH BUILDING BLOCK WORD,6,2011-03-17 16:38:00,5.95,12514.0,Italy
122449,546875,22485,SET OF 2 WOODEN MARKET CRATES,2,2011-03-17 16:38:00,12.75,12514.0,Italy
122450,546875,22120,WELCOME  WOODEN BLOCK LETTERS,6,2011-03-17 16:38:00,9.95,12514.0,Italy
122451,546875,22283,6 EGG HOUSE PAINTED WOOD,4,2011-03-17 16:38:00,7.95,12514.0,Italy
122452,546875,22282,12 EGG HOUSE PAINTED WOOD,2,2011-03-17 16:38:00,12.75,12514.0,Italy
122453,546875,22859,EASTER TIN BUNNY BOUQUET,6,2011-03-17 16:38:00,1.65,12514.0,Italy
122454,546875,22858,EASTER TIN KEEPSAKE,6,2011-03-17 16:38:00,1.65,12514.0,Italy
122455,546875,22860,EASTER TIN CHICKS PINK DAISY,6,2011-03-17 16:38:00,1.65,12514.0,Italy
122456,546875,22861,EASTER TIN CHICKS IN GARDEN,6,2011-03-17 16:38:00,1.65,12514.0,Italy
122457,546875,22630,DOLLY GIRL LUNCH BOX,12,2011-03-17 16:38:00,1.95,12514.0,Italy
122458,546875,22629,SPACEBOY LUNCH BOX,12,2011-03-17 16:38:00,1.95,12514.0,Italy
122459,546875,22635,CHILDS BREAKFAST SET DOLLY GIRL,4,2011-03-17 16:38:00,9.95,12514.0,Italy
122460,546875,22634,CHILDS BREAKFAST SET SPACEBOY,4,2011-03-17 16:38:00,9.95,12514.0,Italy
122461,546875,22551,PLASTERS IN TIN SPACEBOY,12,2011-03-17 16:38:00,1.65,12514.0,Italy
122462,546875,21430,SET/3 RED GINGHAM ROSE STORAGE BOX,6,2011-03-17 16:38:00,3.75,12514.0,Italy
122463,546875,21428,SET3 BOOK BOX GREEN GINGHAM FLOWER,4,2011-03-17 16:38:00,4.25,12514.0,Italy
122464,546875,20749,ASSORTED COLOUR MINI CASES,2,2011-03-17 16:38:00,7.95,12514.0,Italy
122465,546875,22384,LUNCH BAG PINK POLKADOT,10,2011-03-17 16:38:00,1.65,12514.0,Italy
122466,546875,20726,LUNCH BAG WOODLAND,10,2011-03-17 16:38:00,1.65,12514.0,Italy
122467,546875,20725,LUNCH BAG RED RETROSPOT,10,2011-03-17 16:38:00,1.65,12514.0,Italy
122468,546875,22383,LUNCH BAG SUKI  DESIGN,10,2011-03-17 16:38:00,1.65,12514.0,Italy
122469,546875,22662,LUNCH BAG DOLLY GIRL DESIGN,10,2011-03-17 16:38:00,1.65,12514.0,Italy
122470,546875,20728,LUNCH BAG CARS BLUE,10,2011-03-17 16:38:00,1.65,12514.0,Italy
122471,546875,22382,LUNCH BAG SPACEBOY DESIGN,10,2011-03-17 16:38:00,1.65,12514.0,Italy
122472,546875,20723,STRAWBERRY CHARLOTTE BAG,10,2011-03-17 16:38:00,0.85,12514.0,Italy
122473,546875,22661,CHARLOTTE BAG DOLLY GIRL DESIGN,10,2011-03-17 16:38:00,0.85,12514.0,Italy
122474,546875,22355,CHARLOTTE BAG SUKI DESIGN,10,2011-03-17 16:38:00,0.85,12514.0,Italy
122475,546875,22356,CHARLOTTE BAG PINK POLKADOT,10,2011-03-17 16:38:00,0.85,12514.0,Italy
122476,546875,20724,RED RETROSPOT CHARLOTTE BAG,10,2011-03-17 16:38:00,0.85,12514.0,Italy
122477,546875,20719,WOODLAND CHARLOTTE BAG,10,2011-03-17 16:38:00,0.85,12514.0,Italy
122478,546875,21165,BEWARE OF THE CAT METAL SIGN,12,2011-03-17 16:38:00,1.69,12514.0,Italy
122479,546875,22357,KINGS CHOICE BISCUIT TIN,4,2011-03-17 16:38:00,4.25,12514.0,Italy
122480,546875,22659,LUNCH BOX I LOVE LONDON,12,2011-03-17 16:38:00,1.95,12514.0,Italy
122481,546875,22902,TOTE BAG I LOVE LONDON,12,2011-03-17 16:38:00,2.1,12514.0,Italy
122482,546875,22971,QUEENS GUARD COFFEE MUG,6,2011-03-17 16:38:00,2.55,12514.0,Italy
122483,546875,23177,TREASURE ISLAND BOOK BOX,8,2011-03-17 16:38:00,2.25,12514.0,Italy
122484,546875,23194,GYMKHANNA TREASURE BOOK BOX,8,2011-03-17 16:38:00,2.25,12514.0,Italy
122485,546875,23193,BUFFALO BILL TREASURE BOOK BOX,8,2011-03-17 16:38:00,2.25,12514.0,Italy
122486,546875,23176,ABC TREASURE BOOK BOX,8,2011-03-17 16:38:00,2.25,12514.0,Italy
122487,546875,22405,MONEY BOX POCKET MONEY DESIGN,12,2011-03-17 16:38:00,1.25,12514.0,Italy
122488,546875,22409,MONEY BOX BISCUITS DESIGN,12,2011-03-17 16:38:00,1.25,12514.0,Italy
122489,546875,22561,WOODEN SCHOOL COLOURING SET,12,2011-03-17 16:38:00,1.65,12514.0,Italy
122490,546875,22721,SET OF 3 CAKE TINS SKETCHBOOK,6,2011-03-17 16:38:00,4.95,12514.0,Italy
122491,546875,37370,RETRO COFFEE MUGS ASSORTED,12,2011-03-17 16:38:00,1.25,12514.0,Italy
122492,546875,21700,BIG DOUGHNUT FRIDGE MAGNETS,24,2011-03-17 16:38:00,0.85,12514.0,Italy
122493,546875,22922,FRIDGE MAGNETS US DINER ASSORTED,12,2011-03-17 16:38:00,0.85,12514.0,Italy
122494,546875,22923,FRIDGE MAGNETS LES ENFANTS ASSORTED,12,2011-03-17 16:38:00,0.85,12514.0,Italy
122495,546875,22924,FRIDGE MAGNETS LA VIE EN ROSE,12,2011-03-17 16:38:00,0.85,12514.0,Italy
122496,546875,22119,PEACE WOODEN BLOCK LETTERS,6,2011-03-17 16:38:00,6.95,12514.0,Italy
122497,546875,21755,LOVE BUILDING BLOCK WORD,6,2011-03-17 16:38:00,5.95,12514.0,Italy
135847,547914,22139,RETROSPOT TEA SET CERAMIC 11 PC,6,2011-03-28 12:35:00,4.95,12594.0,Italy
135848,547914,22554,PLASTERS IN TIN WOODLAND ANIMALS,12,2011-03-28 12:35:00,1.65,12594.0,Italy
135849,547914,22556,PLASTERS IN TIN CIRCUS PARADE,12,2011-03-28 12:35:00,1.65,12594.0,Italy
135850,547914,20719,WOODLAND CHARLOTTE BAG,30,2011-03-28 12:35:00,0.85,12594.0,Italy
135851,547914,22326,ROUND SNACK BOXES SET OF4 WOODLAND,12,2011-03-28 12:35:00,2.95,12594.0,Italy
135852,547914,22466,FAIRY TALE COTTAGE NIGHTLIGHT,12,2011-03-28 12:35:00,1.95,12594.0,Italy
135853,547914,21931,JUMBO STORAGE BAG SUKI,10,2011-03-28 12:35:00,1.95,12594.0,Italy
135854,547914,20724,RED RETROSPOT CHARLOTTE BAG,20,2011-03-28 12:35:00,0.85,12594.0,Italy
135855,547914,22898,CHILDRENS APRON APPLES DESIGN,16,2011-03-28 12:35:00,1.95,12594.0,Italy
135856,547914,84375,SET OF 20 KIDS COOKIE CUTTERS,12,2011-03-28 12:35:00,2.1,12594.0,Italy
135857,547914,22966,GINGERBREAD MAN COOKIE CUTTER,12,2011-03-28 12:35:00,1.25,12594.0,Italy
135858,547914,23176,ABC TREASURE BOOK BOX,8,2011-03-28 12:35:00,2.25,12594.0,Italy
135859,547914,POST,POSTAGE,1,2011-03-28 12:35:00,18.0,12594.0,Italy
136093,547931,POST,POSTAGE,1,2011-03-28 14:01:00,28.0,12594.0,Italy
148313,549233,22690,DOORMAT HOME SWEET HOME BLUE,4,2011-04-07 11:06:00,7.95,14912.0,Italy
148314,549233,23078,ICE CREAM PEN LIP GLOSS,24,2011-04-07 11:06:00,1.25,14912.0,Italy
148315,549233,22475,SKULL DESIGN TV DINNER TRAY,3,2011-04-07 11:06:00,4.95,14912.0,Italy
148316,549233,22243,5 HOOK HANGER RED MAGIC TOADSTOOL,12,2011-04-07 11:06:00,1.65,14912.0,Italy
148317,549233,22558,CLOTHES PEGS RETROSPOT PACK 24,12,2011-04-07 11:06:00,1.49,14912.0,Italy
148318,549233,21164,HOME SWEET HOME METAL SIGN,6,2011-04-07 11:06:00,2.95,14912.0,Italy
148319,549233,21169,YOU'RE CONFUSING ME METAL SIGN,12,2011-04-07 11:06:00,1.69,14912.0,Italy
148320,549233,23155,KNICKERBOCKERGLORY MAGNET ASSORTED,24,2011-04-07 11:06:00,0.83,14912.0,Italy
148321,549233,23156,SET OF 5 MINI GROCERY MAGNETS,12,2011-04-07 11:06:00,2.08,14912.0,Italy
148322,549233,22197,SMALL POPCORN HOLDER,48,2011-04-07 11:06:00,0.85,14912.0,Italy
148323,549233,51014L,"FEATHER PEN,LIGHT PINK",48,2011-04-07 11:06:00,0.85,14912.0,Italy
148324,549233,51014A,"FEATHER PEN,HOT PINK",96,2011-04-07 11:06:00,0.85,14912.0,Italy
148325,549233,51014C,"FEATHER PEN,COAL BLACK",72,2011-04-07 11:06:00,0.85,14912.0,Italy
148326,549233,21700,BIG DOUGHNUT FRIDGE MAGNETS,72,2011-04-07 11:06:00,0.85,14912.0,Italy
163473,550606,22326,ROUND SNACK BOXES SET OF4 WOODLAND,12,2011-04-19 12:08:00,2.95,12594.0,Italy
163474,550606,20712,JUMBO BAG WOODLAND ANIMALS,20,2011-04-19 12:08:00,2.08,12594.0,Italy
163475,550606,21931,JUMBO STORAGE BAG SUKI,10,2011-04-19 12:08:00,2.08,12594.0,Italy
163476,550606,21033,JUMBO BAG CHARLIE AND LOLA TOYS,10,2011-04-19 12:08:00,2.08,12594.0,Italy
163477,550606,20726,LUNCH BAG WOODLAND,20,2011-04-19 12:08:00,1.65,12594.0,Italy
163478,550606,20728,LUNCH BAG CARS BLUE,20,2011-04-19 12:08:00,1.65,12594.0,Italy
163479,550606,23206,LUNCH BAG APPLE DESIGN,20,2011-04-19 12:08:00,1.65,12594.0,Italy
163480,550606,47593B,SCOTTIE DOGS BABY BIB,96,2011-04-19 12:08:00,0.39,12594.0,Italy
208213,555107,20711,JUMBO BAG TOYS,20,2011-05-31 14:14:00,2.08,12594.0,Italy
208214,555107,21931,JUMBO STORAGE BAG SUKI,20,2011-05-31 14:14:00,2.08,12594.0,Italy
208215,555107,21930,JUMBO STORAGE BAG SKULLS,10,2011-05-31 14:14:00,2.08,12594.0,Italy
208216,555107,20712,JUMBO BAG WOODLAND ANIMALS,10,2011-05-31 14:14:00,2.08,12594.0,Italy
208217,555107,23201,JUMBO BAG ALPHABET,10,2011-05-31 14:14:00,2.08,12594.0,Italy
208218,555107,22380,TOY TIDY SPACEBOY,10,2011-05-31 14:14:00,2.1,12594.0,Italy
208219,555107,22381,TOY TIDY PINK POLKADOT,10,2011-05-31 14:14:00,2.1,12594.0,Italy
208220,555107,22379,RECYCLING BAG RETROSPOT,10,2011-05-31 14:14:00,2.1,12594.0,Italy
208221,555107,20724,RED RETROSPOT CHARLOTTE BAG,20,2011-05-31 14:14:00,0.85,12594.0,Italy
208222,555107,20719,WOODLAND CHARLOTTE BAG,20,2011-05-31 14:14:00,0.85,12594.0,Italy
208223,555107,21110,LARGE CAKE TOWEL PINK SPOTS,6,2011-05-31 14:14:00,6.75,12594.0,Italy
208224,555107,22745,POPPY'S PLAYHOUSE BEDROOM,6,2011-05-31 14:14:00,2.1,12594.0,Italy
208225,555107,22748,POPPY'S PLAYHOUSE KITCHEN,6,2011-05-31 14:14:00,2.1,12594.0,Italy
208226,555107,21055,TOOL BOX SOFT TOY,3,2011-05-31 14:14:00,8.95,12594.0,Italy
208227,555107,22898,CHILDRENS APRON APPLES DESIGN,8,2011-05-31 14:14:00,1.95,12594.0,Italy
208228,555107,22326,ROUND SNACK BOXES SET OF4 WOODLAND,6,2011-05-31 14:14:00,2.95,12594.0,Italy
208229,555107,22328,ROUND SNACK BOXES SET OF 4 FRUITS,6,2011-05-31 14:14:00,2.95,12594.0,Italy
208230,555107,22549,PICTURE DOMINOES,12,2011-05-31 14:14:00,1.45,12594.0,Italy
208231,555107,22273,FELTCRAFT DOLL MOLLY,12,2011-05-31 14:14:00,2.95,12594.0,Italy
208232,555107,22466,FAIRY TALE COTTAGE NIGHTLIGHT,24,2011-05-31 14:14:00,1.95,12594.0,Italy
208233,555107,23176,ABC TREASURE BOOK BOX,8,2011-05-31 14:14:00,2.25,12594.0,Italy
208234,555107,21249,WOODLAND  HEIGHT CHART STICKERS,18,2011-05-31 14:14:00,2.95,12594.0,Italy
208235,555107,22584,PACK OF 6 PANNETONE GIFT BOXES,12,2011-05-31 14:14:00,2.55,12594.0,Italy
216336,555843,48138,DOORMAT UNION FLAG,2,2011-06-07 13:00:00,7.95,12584.0,Italy
216337,555843,22692,DOORMAT WELCOME TO OUR HOME,2,2011-06-07 13:00:00,7.95,12584.0,Italy
216338,555843,23284,DOORMAT KEEP CALM AND COME IN,2,2011-06-07 13:00:00,7.95,12584.0,Italy
216339,555843,22366,DOORMAT AIRMAIL,2,2011-06-07 13:00:00,7.95,12584.0,Italy
216340,555843,22849,BREAD BIN DINER STYLE MINT,1,2011-06-07 13:00:00,16.95,12584.0,Italy
216341,555843,22848,BREAD BIN DINER STYLE PINK,2,2011-06-07 13:00:00,16.95,12584.0,Italy
216342,555843,22804,CANDLEHOLDER PINK HANGING HEART,6,2011-06-07 13:00:00,2.95,12584.0,Italy
216343,555843,22627,MINT KITCHEN SCALES,2,2011-06-07 13:00:00,8.5,12584.0,Italy
216344,555843,35810A,ENAMEL PINK COFFEE CONTAINER,12,2011-06-07 13:00:00,0.83,12584.0,Italy
220101,556119,23084,RABBIT NIGHT LIGHT,24,2011-06-09 10:05:00,1.79,12594.0,Italy
279304,561259,22627,MINT KITCHEN SCALES,2,2011-07-26 12:04:00,8.5,12584.0,Italy
279305,561259,22844,VINTAGE CREAM DOG FOOD CONTAINER,2,2011-07-26 12:04:00,8.5,12584.0,Italy
279306,561259,21533,RETROSPOT LARGE MILK JUG,3,2011-07-26 12:04:00,4.95,12584.0,Italy
279307,561259,23243,SET OF TEA COFFEE SUGAR TINS PANTRY,4,2011-07-26 12:04:00,4.95,12584.0,Italy
279308,561259,22848,BREAD BIN DINER STYLE PINK,2,2011-07-26 12:04:00,16.95,12584.0,Italy
279309,561259,22720,SET OF 3 CAKE TINS PANTRY DESIGN,9,2011-07-26 12:04:00,4.95,12584.0,Italy
291074,562424,22423,REGENCY CAKESTAND 3 TIER,1,2011-08-04 17:07:00,12.75,12584.0,Italy
291884,562528,22993,SET OF 4 PANTRY JELLY MOULDS,12,2011-08-05 13:52:00,1.25,12610.0,Italy
291885,562528,23231,WRAP DOILEY DESIGN,25,2011-08-05 13:52:00,0.42,12610.0,Italy
291886,562528,16161P,WRAP ENGLISH ROSE,25,2011-08-05 13:52:00,0.42,12610.0,Italy
291887,562528,22710,WRAP I LOVE LONDON,25,2011-08-05 13:52:00,0.42,12610.0,Italy
291888,562528,21497,FANCY FONTS BIRTHDAY WRAP,25,2011-08-05 13:52:00,0.42,12610.0,Italy
291889,562528,22813,PACK 3 BOXES BIRD PANNETONE,12,2011-08-05 13:52:00,1.95,12610.0,Italy
291890,562528,22149,FELTCRAFT 6 FLOWER FRIENDS,6,2011-08-05 13:52:00,2.1,12610.0,Italy
291891,562528,22605,WOODEN CROQUET GARDEN SET,1,2011-08-05 13:52:00,14.95,12610.0,Italy
291892,562528,22139,RETROSPOT TEA SET CERAMIC 11 PC,3,2011-08-05 13:52:00,4.95,12610.0,Italy
291893,562528,22138,BAKING SET 9 PIECE RETROSPOT,3,2011-08-05 13:52:00,4.95,12610.0,Italy
291894,562528,22553,PLASTERS IN TIN SKULLS,12,2011-08-05 13:52:00,1.65,12610.0,Italy
291895,562528,22617,BAKING SET SPACEBOY DESIGN,3,2011-08-05 13:52:00,4.95,12610.0,Italy
291896,562528,23008,DOLLY GIRL BABY GIFT SET,1,2011-08-05 13:52:00,16.95,12610.0,Italy
291897,562528,23010,CIRCUS PARADE BABY GIFT SET,1,2011-08-05 13:52:00,16.95,12610.0,Italy
291898,562528,23009,I LOVE LONDON BABY GIFT SET,1,2011-08-05 13:52:00,16.95,12610.0,Italy
291899,562528,21934,SKULL SHOULDER BAG,20,2011-08-05 13:52:00,1.65,12610.0,Italy
291900,562528,20749,ASSORTED COLOUR MINI CASES,2,2011-08-05 13:52:00,7.95,12610.0,Italy
291901,562528,22377,BOTTLE BAG RETROSPOT,5,2011-08-05 13:52:00,2.1,12610.0,Italy
291902,562528,22379,RECYCLING BAG RETROSPOT,5,2011-08-05 13:52:00,2.1,12610.0,Italy
291903,562528,20718,RED RETROSPOT SHOPPER BAG,10,2011-08-05 13:52:00,1.25,12610.0,Italy
291904,562528,85163A,WHITE BAROQUE WALL CLOCK,1,2011-08-05 13:52:00,12.75,12610.0,Italy
291905,562528,23243,SET OF TEA COFFEE SUGAR TINS PANTRY,4,2011-08-05 13:52:00,4.95,12610.0,Italy
291906,562528,20971,PINK BLUE FELT CRAFT TRINKET BOX,12,2011-08-05 13:52:00,1.25,12610.0,Italy
291907,562528,20972,PINK CREAM FELT CRAFT TRINKET BOX,12,2011-08-05 13:52:00,1.25,12610.0,Italy
291908,562528,23126,FELTCRAFT GIRL AMELIE KIT,4,2011-08-05 13:52:00,4.95,12610.0,Italy
291909,562528,22750,FELTCRAFT PRINCESS LOLA DOLL,4,2011-08-05 13:52:00,3.75,12610.0,Italy
291910,562528,22749,FELTCRAFT PRINCESS CHARLOTTE DOLL,4,2011-08-05 13:52:00,3.75,12610.0,Italy
291911,562528,22621,TRADITIONAL KNITTING NANCY,12,2011-08-05 13:52:00,1.65,12610.0,Italy
291912,562528,22568,FELTCRAFT CUSHION OWL,4,2011-08-05 13:52:00,3.75,12610.0,Italy
291913,562528,21987,PACK OF 6 SKULL PAPER CUPS,12,2011-08-05 13:52:00,0.65,12610.0,Italy
291914,562528,21086,SET/6 RED SPOTTY PAPER CUPS,12,2011-08-05 13:52:00,0.65,12610.0,Italy
291915,562528,21988,PACK OF 6 SKULL PAPER PLATES,12,2011-08-05 13:52:00,0.85,12610.0,Italy
291916,562528,21094,SET/6 RED SPOTTY PAPER PLATES,12,2011-08-05 13:52:00,0.85,12610.0,Italy
291917,562528,21080,SET/20 RED RETROSPOT PAPER NAPKINS,12,2011-08-05 13:52:00,0.85,12610.0,Italy
291918,562528,21989,PACK OF 20 SKULL PAPER NAPKINS,12,2011-08-05 13:52:00,0.85,12610.0,Italy
291919,562528,21936,RED RETROSPOT PICNIC BAG,5,2011-08-05 13:52:00,2.95,12610.0,Italy
291920,562528,22776,SWEETHEART CAKESTAND 3 TIER,1,2011-08-05 13:52:00,9.95,12610.0,Italy
291921,562528,22584,PACK OF 6 PANNETONE GIFT BOXES,6,2011-08-05 13:52:00,2.55,12610.0,Italy
291922,562528,22583,PACK OF 6 HANDBAG GIFT BOXES,6,2011-08-05 13:52:00,2.55,12610.0,Italy
291923,562528,23226,FILIGREE HEART DAISY WHITE,24,2011-08-05 13:52:00,1.25,12610.0,Italy
291924,562528,22297,HEART IVORY TRELLIS SMALL,24,2011-08-05 13:52:00,1.25,12610.0,Italy
291925,562528,82484,WOOD BLACK BOARD ANT WHITE FINISH,2,2011-08-05 13:52:00,7.95,12610.0,Italy
291926,562528,82486,WOOD S/3 CABINET ANT WHITE FINISH,2,2011-08-05 13:52:00,8.95,12610.0,Italy
291927,562528,85066,CREAM SWEETHEART MINI CHEST,2,2011-08-05 13:52:00,12.75,12610.0,Italy
291928,562528,85123A,WHITE HANGING HEART T-LIGHT HOLDER,6,2011-08-05 13:52:00,2.95,12610.0,Italy
291929,562528,22784,LANTERN CREAM GAZEBO,3,2011-08-05 13:52:00,4.95,12610.0,Italy
291930,562528,22961,JAM MAKING SET PRINTED,12,2011-08-05 13:52:00,1.45,12610.0,Italy
291931,562528,22742,MAKE YOUR OWN PLAYTIME CARD KIT,6,2011-08-05 13:52:00,2.95,12610.0,Italy
291932,562528,22743,MAKE YOUR OWN FLOWERPOWER CARD KIT,6,2011-08-05 13:52:00,2.95,12610.0,Italy
291933,562528,22744,MAKE YOUR OWN MONSOON CARD KIT,6,2011-08-05 13:52:00,2.95,12610.0,Italy
291934,562528,22654,DELUXE SEWING KIT,3,2011-08-05 13:52:00,5.95,12610.0,Italy
291935,562528,22423,REGENCY CAKESTAND 3 TIER,1,2011-08-05 13:52:00,12.75,12610.0,Italy
291936,562528,22969,HOMEMADE JAM SCENTED CANDLES,12,2011-08-05 13:52:00,1.45,12610.0,Italy
291937,562528,POST,POSTAGE,4,2011-08-05 13:52:00,28.0,12610.0,Italy
296565,562922,20728,LUNCH BAG CARS BLUE,20,2011-08-10 14:26:00,1.65,12594.0,Italy
296566,562922,20726,LUNCH BAG WOODLAND,20,2011-08-10 14:26:00,1.65,12594.0,Italy
296567,562922,22139,RETROSPOT TEA SET CERAMIC 11 PC,9,2011-08-10 14:26:00,4.95,12594.0,Italy
296568,562922,22966,GINGERBREAD MAN COOKIE CUTTER,12,2011-08-10 14:26:00,1.25,12594.0,Italy
296569,562922,84375,SET OF 20 KIDS COOKIE CUTTERS,12,2011-08-10 14:26:00,2.1,12594.0,Italy
296570,562922,22939,APRON APPLE DELIGHT,12,2011-08-10 14:26:00,4.95,12594.0,Italy
296571,562922,22554,PLASTERS IN TIN WOODLAND ANIMALS,12,2011-08-10 14:26:00,1.65,12594.0,Italy
296572,562922,22556,PLASTERS IN TIN CIRCUS PARADE,12,2011-08-10 14:26:00,1.65,12594.0,Italy
296573,562922,22466,FAIRY TALE COTTAGE NIGHTLIGHT,24,2011-08-10 14:26:00,1.95,12594.0,Italy
296574,562922,22549,PICTURE DOMINOES,24,2011-08-10 14:26:00,1.45,12594.0,Italy
296575,562922,21365,MIRRORED WALL ART STARS,48,2011-08-10 14:26:00,0.75,12594.0,Italy
296576,562922,21249,WOODLAND  HEIGHT CHART STICKERS,30,2011-08-10 14:26:00,2.55,12594.0,Italy
296577,562922,71270,PHOTO CLIP LINE,24,2011-08-10 14:26:00,1.25,12594.0,Italy
296578,562922,22380,TOY TIDY SPACEBOY,10,2011-08-10 14:26:00,2.1,12594.0,Italy
296579,562922,22381,TOY TIDY PINK POLKADOT,10,2011-08-10 14:26:00,2.1,12594.0,Italy
296580,562922,21986,PACK OF 12 PINK POLKADOT TISSUES,24,2011-08-10 14:26:00,0.29,12594.0,Italy
296581,562922,21980,PACK OF 12 RED RETROSPOT TISSUES,24,2011-08-10 14:26:00,0.29,12594.0,Italy
296582,562922,22898,CHILDRENS APRON APPLES DESIGN,8,2011-08-10 14:26:00,1.95,12594.0,Italy
296583,562922,21371,MIRRORED WALL ART POPPIES,48,2011-08-10 14:26:00,0.75,12594.0,Italy
296584,562922,21306,SET/4 DAISY MIRROR MAGNETS,72,2011-08-10 14:26:00,0.29,12594.0,Italy
296585,562922,23206,LUNCH BAG APPLE DESIGN,30,2011-08-10 14:26:00,1.65,12594.0,Italy
296586,562922,85132C,CHARLIE AND LOLA FIGURES TINS,36,2011-08-10 14:26:00,1.95,12594.0,Italy
313216,564476,22771,CLEAR DRAWER KNOB ACRYLIC EDWARDIAN,12,2011-08-25 12:57:00,1.25,12610.0,Italy
313217,564476,21671,RED SPOT CERAMIC DRAWER KNOB,12,2011-08-25 12:57:00,1.25,12610.0,Italy
313218,564476,23028,DRAWER KNOB CRACKLE GLAZE BLUE,6,2011-08-25 12:57:00,1.65,12610.0,Italy
313219,564476,23029,DRAWER KNOB CRACKLE GLAZE GREEN,6,2011-08-25 12:57:00,1.65,12610.0,Italy
313220,564476,22772,PINK DRAWER KNOB ACRYLIC EDWARDIAN,12,2011-08-25 12:57:00,1.25,12610.0,Italy
313221,564476,21213,PACK OF 72 SKULL CAKE CASES,24,2011-08-25 12:57:00,0.55,12610.0,Italy
313222,564476,21212,PACK OF 72 RETROSPOT CAKE CASES,24,2011-08-25 12:57:00,0.55,12610.0,Italy
313223,564476,22437,SET OF 9 BLACK SKULL BALLOONS,20,2011-08-25 12:57:00,0.85,12610.0,Italy
313224,564476,23108,SET OF 10 LED DOLLY LIGHTS,2,2011-08-25 12:57:00,6.25,12610.0,Italy
313225,564476,23142,IVORY WIRE KITCHEN ORGANISER,1,2011-08-25 12:57:00,10.4,12610.0,Italy
313226,564476,22776,SWEETHEART CAKESTAND 3 TIER,1,2011-08-25 12:57:00,9.95,12610.0,Italy
313227,564476,22189,CREAM HEART CARD HOLDER,4,2011-08-25 12:57:00,3.95,12610.0,Italy
313228,564476,21340,CLASSIC METAL BIRDCAGE PLANT HOLDER,1,2011-08-25 12:57:00,12.75,12610.0,Italy
313229,564476,85123A,WHITE HANGING HEART T-LIGHT HOLDER,12,2011-08-25 12:57:00,2.95,12610.0,Italy
313230,564476,22784,LANTERN CREAM GAZEBO,6,2011-08-25 12:57:00,4.95,12610.0,Italy
313231,564476,22464,HANGING METAL HEART LANTERN,12,2011-08-25 12:57:00,1.65,12610.0,Italy
313232,564476,22178,VICTORIAN GLASS HANGING T-LIGHT,12,2011-08-25 12:57:00,1.25,12610.0,Italy
313233,564476,POST,POSTAGE,1,2011-08-25 12:57:00,40.0,12610.0,Italy
349128,567478,21524,DOORMAT SPOTTY HOME SWEET HOME,2,2011-09-20 13:21:00,8.25,12584.0,Italy
349129,567478,48138,DOORMAT UNION FLAG,2,2011-09-20 13:21:00,8.25,12584.0,Italy
349130,567478,22692,DOORMAT WELCOME TO OUR HOME,2,2011-09-20 13:21:00,8.25,12584.0,Italy
349131,567478,23423,PANTRY 3 HOOK ROLLING PIN HANGER,6,2011-09-20 13:21:00,3.75,12584.0,Italy
349132,567478,22960,JAM MAKING SET WITH JARS,6,2011-09-20 13:21:00,4.25,12584.0,Italy
349133,567478,23243,SET OF TEA COFFEE SUGAR TINS PANTRY,4,2011-09-20 13:21:00,4.95,12584.0,Italy
349134,567478,22722,SET OF 6 SPICE TINS PANTRY DESIGN,4,2011-09-20 13:21:00,3.95,12584.0,Italy
349135,567478,22847,BREAD BIN DINER STYLE IVORY,1,2011-09-20 13:21:00,16.95,12584.0,Italy
349136,567478,22627,MINT KITCHEN SCALES,2,2011-09-20 13:21:00,8.5,12584.0,Italy
349137,567478,22844,VINTAGE CREAM DOG FOOD CONTAINER,4,2011-09-20 13:21:00,8.5,12584.0,Italy
349138,567478,22845,VINTAGE CREAM CAT FOOD CONTAINER,2,2011-09-20 13:21:00,6.35,12584.0,Italy
349139,567478,23342,MINT DINER WALL CLOCK,2,2011-09-20 13:21:00,8.5,12584.0,Italy
349140,567478,22804,CANDLEHOLDER PINK HANGING HEART,6,2011-09-20 13:21:00,2.95,12584.0,Italy
349141,567478,22720,SET OF 3 CAKE TINS PANTRY DESIGN,3,2011-09-20 13:21:00,4.95,12584.0,Italy
349142,567478,22366,DOORMAT AIRMAIL,2,2011-09-20 13:21:00,8.25,12584.0,Italy
394975,570919,22845,VINTAGE CREAM CAT FOOD CONTAINER,2,2011-10-13 10:57:00,6.35,12584.0,Italy
394976,570919,22844,VINTAGE CREAM DOG FOOD CONTAINER,2,2011-10-13 10:57:00,8.5,12584.0,Italy
394977,570919,48138,DOORMAT UNION FLAG,4,2011-10-13 10:57:00,8.25,12584.0,Italy
394978,570919,22366,DOORMAT AIRMAIL,4,2011-10-13 10:57:00,8.25,12584.0,Italy
394979,570919,23284,DOORMAT KEEP CALM AND COME IN,4,2011-10-13 10:57:00,8.25,12584.0,Italy
394980,570919,22692,DOORMAT WELCOME TO OUR HOME,4,2011-10-13 10:57:00,8.25,12584.0,Italy
394981,570919,22720,SET OF 3 CAKE TINS PANTRY DESIGN,3,2011-10-13 10:57:00,4.95,12584.0,Italy
394982,570919,22666,RECIPE BOX PANTRY YELLOW DESIGN,6,2011-10-13 10:57:00,2.95,12584.0,Italy
394983,570919,22847,BREAD BIN DINER STYLE IVORY,2,2011-10-13 10:57:00,16.95,12584.0,Italy
394984,570919,23243,SET OF TEA COFFEE SUGAR TINS PANTRY,4,2011-10-13 10:57:00,4.95,12584.0,Italy
394985,570919,21216,"SET 3 RETROSPOT TEA,COFFEE,SUGAR",4,2011-10-13 10:57:00,4.95,12584.0,Italy
394986,570919,21533,RETROSPOT LARGE MILK JUG,3,2011-10-13 10:57:00,4.95,12584.0,Italy
394987,570919,35810A,ENAMEL PINK COFFEE CONTAINER,12,2011-10-13 10:57:00,0.83,12584.0,Italy
394988,570919,22960,JAM MAKING SET WITH JARS,6,2011-10-13 10:57:00,4.25,12584.0,Italy
404182,571670,20750,RED RETROSPOT MINI CASES,2,2011-10-18 13:12:00,7.95,12611.0,Italy
404183,571670,85099B,JUMBO BAG RED RETROSPOT,10,2011-10-18 13:12:00,2.08,12611.0,Italy
404184,571670,23130,MISTLETOE HEART WREATH GREEN,4,2011-10-18 13:12:00,4.15,12611.0,Italy
404185,571670,22142,CHRISTMAS CRAFT WHITE FAIRY,12,2011-10-18 13:12:00,1.45,12611.0,Italy
404186,571670,22141,CHRISTMAS CRAFT TREE TOP ANGEL,6,2011-10-18 13:12:00,2.1,12611.0,Italy
404187,571670,22144,CHRISTMAS CRAFT LITTLE FRIENDS,6,2011-10-18 13:12:00,2.1,12611.0,Italy
404188,571670,23312,VINTAGE CHRISTMAS GIFT SACK,4,2011-10-18 13:12:00,4.15,12611.0,Italy
404189,571670,22941,CHRISTMAS LIGHTS 10 REINDEER,4,2011-10-18 13:12:00,8.5,12611.0,Italy
404190,571670,22942,CHRISTMAS LIGHTS 10 SANTAS,4,2011-10-18 13:12:00,8.5,12611.0,Italy
404191,571670,22960,JAM MAKING SET WITH JARS,6,2011-10-18 13:12:00,4.25,12611.0,Italy
404192,571670,21985,PACK OF 12 HEARTS DESIGN TISSUES,24,2011-10-18 13:12:00,0.39,12611.0,Italy
404193,571670,22197,POPCORN HOLDER,12,2011-10-18 13:12:00,0.85,12611.0,Italy
404194,571670,84978,HANGING HEART JAR T-LIGHT HOLDER,12,2011-10-18 13:12:00,1.25,12611.0,Italy
404195,571670,23445,ICE CREAM BUBBLES,200,2011-10-18 13:12:00,0.72,12611.0,Italy
404196,571670,23559,WOODLAND BUNNIES LOLLY MAKERS,6,2011-10-18 13:12:00,2.08,12611.0,Italy
404197,571670,21212,PACK OF 72 RETROSPOT CAKE CASES,24,2011-10-18 13:12:00,0.55,12611.0,Italy
404198,571670,22554,PLASTERS IN TIN WOODLAND ANIMALS,12,2011-10-18 13:12:00,1.65,12611.0,Italy
404199,571670,22556,PLASTERS IN TIN CIRCUS PARADE,12,2011-10-18 13:12:00,1.65,12611.0,Italy
404200,571670,22553,PLASTERS IN TIN SKULLS,12,2011-10-18 13:12:00,1.65,12611.0,Italy
404201,571670,22555,PLASTERS IN TIN STRONGMAN,24,2011-10-18 13:12:00,1.65,12611.0,Italy
404202,571670,21967,PACK OF 12 SKULL TISSUES,24,2011-10-18 13:12:00,0.39,12611.0,Italy
404203,571670,21981,PACK OF 12 WOODLAND TISSUES,24,2011-10-18 13:12:00,0.39,12611.0,Italy
404204,571670,84375,SET OF 20 KIDS COOKIE CUTTERS,12,2011-10-18 13:12:00,2.1,12611.0,Italy
404205,571670,22966,GINGERBREAD MAN COOKIE CUTTER,12,2011-10-18 13:12:00,1.25,12611.0,Italy
404206,571670,22965,3 TRADITIONAl BISCUIT CUTTERS  SET,6,2011-10-18 13:12:00,2.1,12611.0,Italy
404207,571670,22326,ROUND SNACK BOXES SET OF4 WOODLAND,6,2011-10-18 13:12:00,2.95,12611.0,Italy
404208,571670,22327,ROUND SNACK BOXES SET OF 4 SKULLS,6,2011-10-18 13:12:00,2.95,12611.0,Italy
404209,571670,22937,BAKING MOULD CHOCOLATE CUPCAKES,6,2011-10-18 13:12:00,2.55,12611.0,Italy
404210,571670,23247,BISCUIT TIN 50'S CHRISTMAS,6,2011-10-18 13:12:00,2.89,12611.0,Italy
404211,571670,21976,PACK OF 60 MUSHROOM CAKE CASES,24,2011-10-18 13:12:00,0.55,12611.0,Italy
404212,571670,22134,MINI LADLE LOVE HEART RED,12,2011-10-18 13:12:00,0.42,12611.0,Italy
404213,571670,22195,LARGE HEART MEASURING SPOONS,12,2011-10-18 13:12:00,1.65,12611.0,Italy
404214,571670,22978,PANTRY ROLLING PIN,6,2011-10-18 13:12:00,3.75,12611.0,Italy
404215,571670,22982,PANTRY PASTRY BRUSH,12,2011-10-18 13:12:00,1.25,12611.0,Italy
404216,571670,22993,SET OF 4 PANTRY JELLY MOULDS,12,2011-10-18 13:12:00,1.25,12611.0,Italy
404217,571670,22483,RED GINGHAM TEDDY BEAR,6,2011-10-18 13:12:00,2.95,12611.0,Italy
404218,571670,22623,BOX OF VINTAGE JIGSAW BLOCKS,3,2011-10-18 13:12:00,5.95,12611.0,Italy
404219,571670,20981,12 PENCILS TALL TUBE WOODLAND,12,2011-10-18 13:12:00,0.85,12611.0,Italy
404220,571670,20982,12 PENCILS TALL TUBE SKULLS,12,2011-10-18 13:12:00,0.85,12611.0,Italy
404221,571670,22505,MEMO BOARD COTTAGE DESIGN,4,2011-10-18 13:12:00,4.95,12611.0,Italy
404222,571670,21828,EIGHT PIECE SNAKE  SET,12,2011-10-18 13:12:00,1.25,12611.0,Italy
404223,571670,23082,SET 6 PAPER TABLE LANTERN HEARTS,6,2011-10-18 13:12:00,3.75,12611.0,Italy
404224,571670,22961,JAM MAKING SET PRINTED,12,2011-10-18 13:12:00,1.45,12611.0,Italy
404225,571670,22636,CHILDS BREAKFAST SET CIRCUS PARADE,2,2011-10-18 13:12:00,8.5,12611.0,Italy
404226,571670,84596F,SMALL MARSHMALLOWS PINK BOWL,16,2011-10-18 13:12:00,0.42,12611.0,Italy
404227,571670,22132,RED LOVE HEART SHAPE CUP,12,2011-10-18 13:12:00,0.85,12611.0,Italy
404228,571670,84987,SET OF 36 TEATIME PAPER DOILIES,12,2011-10-18 13:12:00,1.45,12611.0,Italy
404229,571670,21972,SET OF 36 DINOSAUR PAPER DOILIES,12,2011-10-18 13:12:00,1.45,12611.0,Italy
404230,571670,21915,RED  HARMONICA IN BOX,12,2011-10-18 13:12:00,1.25,12611.0,Italy
404231,571670,22622,BOX OF VINTAGE ALPHABET BLOCKS,2,2011-10-18 13:12:00,11.95,12611.0,Italy
404232,571670,22654,DELUXE SEWING KIT,3,2011-10-18 13:12:00,5.95,12611.0,Italy
404233,571670,23353,6 GIFT TAGS VINTAGE CHRISTMAS,24,2011-10-18 13:12:00,0.83,12611.0,Italy
404234,571670,20983,12 PENCILS TALL TUBE RED RETROSPOT,12,2011-10-18 13:12:00,0.85,12611.0,Italy
404235,571670,21980,PACK OF 12 RED RETROSPOT TISSUES,24,2011-10-18 13:12:00,0.39,12611.0,Italy
404236,571670,21581,SKULLS  DESIGN  COTTON TOTE BAG,6,2011-10-18 13:12:00,2.25,12611.0,Italy
404237,571670,22139,RETROSPOT TEA SET CERAMIC 11 PC,3,2011-10-18 13:12:00,4.95,12611.0,Italy
404238,571670,23348,CHILDRENS TOY COOKING UTENSIL SET,6,2011-10-18 13:12:00,2.08,12611.0,Italy
404239,571670,21891,TRADITIONAL WOODEN SKIPPING ROPE,12,2011-10-18 13:12:00,1.45,12611.0,Italy
404240,571670,22619,SET OF 6 SOLDIER SKITTLES,4,2011-10-18 13:12:00,3.75,12611.0,Italy
404241,571670,23298,SPOTTY BUNTING,3,2011-10-18 13:12:00,4.95,12611.0,Italy
404242,571670,47590A,BLUE HAPPY BIRTHDAY BUNTING,3,2011-10-18 13:12:00,5.45,12611.0,Italy
404243,571670,47590B,PINK HAPPY BIRTHDAY BUNTING,3,2011-10-18 13:12:00,5.45,12611.0,Italy
404244,571670,22571,ROCKING HORSE RED CHRISTMAS,12,2011-10-18 13:12:00,0.85,12611.0,Italy
404245,571670,84378,SET OF 3 HEART COOKIE CUTTERS,12,2011-10-18 13:12:00,1.45,12611.0,Italy
404246,571670,23296,SET OF 6 TEA TIME BAKING CASES,8,2011-10-18 13:12:00,1.25,12611.0,Italy
414397,572457,22273,FELTCRAFT DOLL MOLLY,6,2011-10-24 12:44:00,2.95,12594.0,Italy
414398,572457,22274,FELTCRAFT DOLL EMILY,6,2011-10-24 12:44:00,2.95,12594.0,Italy
414399,572457,22271,FELTCRAFT DOLL ROSIE,6,2011-10-24 12:44:00,2.95,12594.0,Italy
414400,572457,22326,ROUND SNACK BOXES SET OF4 WOODLAND,18,2011-10-24 12:44:00,2.95,12594.0,Italy
414401,572457,22746,POPPY'S PLAYHOUSE LIVINGROOM,6,2011-10-24 12:44:00,2.1,12594.0,Italy
414402,572457,22748,POPPY'S PLAYHOUSE KITCHEN,6,2011-10-24 12:44:00,2.1,12594.0,Italy
414403,572457,22745,POPPY'S PLAYHOUSE BEDROOM,6,2011-10-24 12:44:00,2.1,12594.0,Italy
414404,572457,22747,POPPY'S PLAYHOUSE BATHROOM,6,2011-10-24 12:44:00,2.1,12594.0,Italy
414405,572457,20711,JUMBO BAG TOYS,20,2011-10-24 12:44:00,2.08,12594.0,Italy
414406,572457,20712,JUMBO BAG WOODLAND ANIMALS,10,2011-10-24 12:44:00,2.08,12594.0,Italy
414407,572457,23201,JUMBO BAG ALPHABET,20,2011-10-24 12:44:00,2.08,12594.0,Italy
414408,572457,21930,JUMBO STORAGE BAG SKULLS,20,2011-10-24 12:44:00,2.08,12594.0,Italy
414409,572457,21931,JUMBO STORAGE BAG SUKI,20,2011-10-24 12:44:00,2.08,12594.0,Italy
414410,572457,22379,RECYCLING BAG RETROSPOT,10,2011-10-24 12:44:00,2.1,12594.0,Italy
414411,572457,22380,TOY TIDY SPACEBOY,10,2011-10-24 12:44:00,2.1,12594.0,Italy
414412,572457,22381,TOY TIDY PINK POLKADOT,5,2011-10-24 12:44:00,2.1,12594.0,Italy
414413,572457,21110,LARGE CAKE TOWEL PINK SPOTS,12,2011-10-24 12:44:00,6.75,12594.0,Italy
414414,572457,22939,ADULT APRON APPLE DELIGHT,12,2011-10-24 12:44:00,4.95,12594.0,Italy
414415,572457,22966,GINGERBREAD MAN COOKIE CUTTER,24,2011-10-24 12:44:00,1.25,12594.0,Italy
414416,572457,84375,SET OF 20 KIDS COOKIE CUTTERS,12,2011-10-24 12:44:00,2.1,12594.0,Italy
414417,572457,22898,CHILDRENS APRON APPLES DESIGN,8,2011-10-24 12:44:00,1.95,12594.0,Italy
414418,572457,71270,PHOTO CLIP LINE,24,2011-10-24 12:44:00,1.25,12594.0,Italy
414419,572457,22583,PACK OF 6 HANDBAG GIFT BOXES,10,2011-10-24 12:44:00,2.55,12594.0,Italy
414420,572457,22139,RETROSPOT TEA SET CERAMIC 11 PC,12,2011-10-24 12:44:00,4.95,12594.0,Italy
418097,572695,22594,CHRISTMAS GINGHAM TREE,12,2011-10-25 14:23:00,0.85,12610.0,Italy
418098,572695,22593,CHRISTMAS GINGHAM STAR,12,2011-10-25 14:23:00,0.85,12610.0,Italy
418099,572695,22186,RED STAR CARD HOLDER,12,2011-10-25 14:23:00,1.95,12610.0,Italy
418100,572695,22591,CARDHOLDER GINGHAM CHRISTMAS TREE,6,2011-10-25 14:23:00,3.25,12610.0,Italy
418101,572695,23321,SMALL WHITE HEART OF WICKER,12,2011-10-25 14:23:00,1.65,12610.0,Italy
418102,572695,23333,IVORY WICKER HEART MEDIUM,12,2011-10-25 14:23:00,1.25,12610.0,Italy
418103,572695,23332,IVORY WICKER HEART LARGE,12,2011-10-25 14:23:00,1.65,12610.0,Italy
418104,572695,23351,ROLL WRAP 50'S CHRISTMAS,12,2011-10-25 14:23:00,1.25,12610.0,Italy
418105,572695,85049A,TRADITIONAL CHRISTMAS RIBBONS,12,2011-10-25 14:23:00,1.25,12610.0,Italy
418106,572695,23319,BOX OF 6 MINI 50'S CRACKERS,6,2011-10-25 14:23:00,2.49,12610.0,Italy
418107,572695,22553,PLASTERS IN TIN SKULLS,24,2011-10-25 14:23:00,1.65,12610.0,Italy
418108,572695,21988,PACK OF 6 SKULL PAPER PLATES,12,2011-10-25 14:23:00,0.85,12610.0,Italy
418109,572695,21989,PACK OF 20 SKULL PAPER NAPKINS,12,2011-10-25 14:23:00,0.85,12610.0,Italy
418110,572695,21987,PACK OF 6 SKULL PAPER CUPS,24,2011-10-25 14:23:00,0.65,12610.0,Italy
418111,572695,23010,CIRCUS PARADE BABY GIFT SET,1,2011-10-25 14:23:00,16.95,12610.0,Italy
418112,572695,20750,RED RETROSPOT MINI CASES,2,2011-10-25 14:23:00,7.95,12610.0,Italy
418113,572695,22138,BAKING SET 9 PIECE RETROSPOT,6,2011-10-25 14:23:00,4.95,12610.0,Italy
418114,572695,22584,PACK OF 6 PANNETONE GIFT BOXES,6,2011-10-25 14:23:00,2.55,12610.0,Italy
418115,572695,22865,HAND WARMER OWL DESIGN,12,2011-10-25 14:23:00,2.1,12610.0,Italy
418116,572695,22961,JAM MAKING SET PRINTED,12,2011-10-25 14:23:00,1.45,12610.0,Italy
418117,572695,22960,JAM MAKING SET WITH JARS,6,2011-10-25 14:23:00,4.25,12610.0,Italy
418118,572695,85066,CREAM SWEETHEART MINI CHEST,2,2011-10-25 14:23:00,12.75,12610.0,Italy
418119,572695,23263,SET OF 3 WOODEN HEART DECORATIONS,12,2011-10-25 14:23:00,1.25,12610.0,Italy
418120,572695,22595,GINGHAM HEART DECORATION,12,2011-10-25 14:23:00,0.85,12610.0,Italy
421317,572934,POST,POSTAGE,4,2011-10-27 10:18:00,40.0,12610.0,Italy
426824,573365,22072,RED RETROSPOT TEA CUP AND SAUCER,4,2011-10-30 13:13:00,3.75,12584.0,Italy
426825,573365,21843,RED RETROSPOT CAKE STAND,1,2011-10-30 13:13:00,10.95,12584.0,Italy
426826,573365,21533,RETROSPOT LARGE MILK JUG,3,2011-10-30 13:13:00,4.95,12584.0,Italy
426827,573365,22846,BREAD BIN DINER STYLE RED,2,2011-10-30 13:13:00,16.95,12584.0,Italy
426828,573365,22960,JAM MAKING SET WITH JARS,12,2011-10-30 13:13:00,3.75,12584.0,Italy
426829,573365,22720,SET OF 3 CAKE TINS PANTRY DESIGN,12,2011-10-30 13:13:00,4.95,12584.0,Italy
426830,573365,22625,RED KITCHEN SCALES,2,2011-10-30 13:13:00,8.5,12584.0,Italy
426831,573365,22627,MINT KITCHEN SCALES,2,2011-10-30 13:13:00,8.5,12584.0,Italy
426832,573365,22624,IVORY KITCHEN SCALES,2,2011-10-30 13:13:00,8.5,12584.0,Italy
426833,573365,85123A,WHITE HANGING HEART T-LIGHT HOLDER,12,2011-10-30 13:13:00,2.95,12584.0,Italy
426834,573365,22804,PINK HANGING HEART T-LIGHT HOLDER,6,2011-10-30 13:13:00,2.95,12584.0,Italy
426835,573365,22847,BREAD BIN DINER STYLE IVORY,4,2011-10-30 13:13:00,14.95,12584.0,Italy
428896,573508,84879,ASSORTED COLOUR BIRD ORNAMENT,8,2011-10-31 12:11:00,1.69,12552.0,Italy
428897,573508,20685,DOORMAT RED RETROSPOT,2,2011-10-31 12:11:00,8.25,12552.0,Italy
428898,573508,22692,DOORMAT WELCOME TO OUR HOME,4,2011-10-31 12:11:00,8.25,12552.0,Italy
428899,573508,22898,CHILDRENS APRON APPLES DESIGN,8,2011-10-31 12:11:00,1.95,12552.0,Italy
428900,573508,22939,ADULT APRON APPLE DELIGHT,4,2011-10-31 12:11:00,4.95,12552.0,Italy
428901,573508,21216,"SET 3 RETROSPOT TEA,COFFEE,SUGAR",4,2011-10-31 12:11:00,4.95,12552.0,Italy
428902,573508,21218,RED SPOTTY BISCUIT TIN,6,2011-10-31 12:11:00,3.75,12552.0,Italy
428903,573508,22838,3 TIER CAKE TIN RED AND CREAM,1,2011-10-31 12:11:00,14.95,12552.0,Italy
428904,573508,84968D,SET OF 16 VINTAGE RED CUTLERY,1,2011-10-31 12:11:00,12.75,12552.0,Italy
428905,573508,84968F,SET OF 16 VINTAGE SKY BLUE CUTLERY,1,2011-10-31 12:11:00,12.75,12552.0,Italy
428906,573508,84968C,SET OF 16 VINTAGE PISTACHIO CUTLERY,1,2011-10-31 12:11:00,12.75,12552.0,Italy
428907,573508,22070,SMALL RED RETROSPOT MUG IN BOX,6,2011-10-31 12:11:00,3.75,12552.0,Italy
428908,573508,22071,SMALL WHITE RETROSPOT MUG IN BOX,6,2011-10-31 12:11:00,3.75,12552.0,Italy
428909,573508,21498,RED RETROSPOT WRAP,25,2011-10-31 12:11:00,0.42,12552.0,Italy
428910,573508,22215,CAKE STAND WHITE TWO TIER LACE,2,2011-10-31 12:11:00,8.5,12552.0,Italy
428911,573508,21755,LOVE BUILDING BLOCK WORD,3,2011-10-31 12:11:00,6.25,12552.0,Italy
428912,573508,23487,SWEET HEART CAKE CARRIER,1,2011-10-31 12:11:00,9.95,12552.0,Italy
428913,573508,21340,CLASSIC METAL BIRDCAGE PLANT HOLDER,1,2011-10-31 12:11:00,12.75,12552.0,Italy
428914,573508,23414,ZINC BOX SIGN HOME,1,2011-10-31 12:11:00,9.95,12552.0,Italy
431869,573768,POST,POSTAGE,3,2011-11-01 10:02:00,40.0,12552.0,Italy
434009,574022,23084,RABBIT NIGHT LIGHT,48,2011-11-02 12:20:00,1.79,12594.0,Italy
475624,576907,23332,IVORY WICKER HEART LARGE,24,2011-11-17 09:34:00,1.65,12610.0,Italy
475625,576907,23333,IVORY WICKER HEART MEDIUM,24,2011-11-17 09:34:00,1.25,12610.0,Italy
475626,576907,22144,CHRISTMAS CRAFT LITTLE FRIENDS,12,2011-11-17 09:34:00,2.1,12610.0,Italy
475627,576907,22142,CHRISTMAS CRAFT WHITE FAIRY,12,2011-11-17 09:34:00,1.45,12610.0,Italy
475628,576907,22593,CHRISTMAS GINGHAM STAR,24,2011-11-17 09:34:00,0.85,12610.0,Italy
475629,576907,22594,CHRISTMAS GINGHAM TREE,24,2011-11-17 09:34:00,0.85,12610.0,Italy
475630,576907,22595,GINGHAM HEART DECORATION,24,2011-11-17 09:34:00,0.85,12610.0,Italy
475631,576907,21671,RED SPOT CERAMIC DRAWER KNOB,24,2011-11-17 09:34:00,1.45,12610.0,Italy
475632,576907,POST,POSTAGE,1,2011-11-17 09:34:00,40.0,12610.0,Italy
479756,577178,23480,MINI LIGHTS WOODLAND MUSHROOMS,4,2011-11-18 11:10:00,3.75,12618.0,Italy
479757,577178,22595,GINGHAM HEART DECORATION,12,2011-11-18 11:10:00,0.85,12618.0,Italy
479758,577178,21499,BLUE POLKADOT WRAP,25,2011-11-18 11:10:00,0.42,12618.0,Italy
479759,577178,21500,PINK POLKADOT WRAP,25,2011-11-18 11:10:00,0.42,12618.0,Italy
479760,577178,23432,PRETTY HANGING QUILTED HEARTS,12,2011-11-18 11:10:00,0.83,12618.0,Italy
479761,577178,22320,BIRDS MOBILE VINTAGE DESIGN,3,2011-11-18 11:10:00,5.95,12618.0,Italy
479762,577178,22483,RED GINGHAM TEDDY BEAR,6,2011-11-18 11:10:00,2.95,12618.0,Italy
479763,577178,22138,BAKING SET 9 PIECE RETROSPOT,3,2011-11-18 11:10:00,4.95,12618.0,Italy
479764,577178,20750,RED RETROSPOT MINI CASES,2,2011-11-18 11:10:00,7.95,12618.0,Italy
479765,577178,22617,BAKING SET SPACEBOY DESIGN,3,2011-11-18 11:10:00,4.95,12618.0,Italy
479766,577178,POST,POSTAGE,1,2011-11-18 11:10:00,40.0,12618.0,Italy
480693,577316,22666,RECIPE BOX PANTRY YELLOW DESIGN,12,2011-11-18 13:30:00,2.95,12578.0,Italy
480694,577316,22423,REGENCY CAKESTAND 3 TIER,1,2011-11-18 13:30:00,12.75,12578.0,Italy
480695,577316,23170,REGENCY TEA PLATE ROSES,12,2011-11-18 13:30:00,1.65,12578.0,Italy
480696,577316,22699,ROSES REGENCY TEACUP AND SAUCER,6,2011-11-18 13:30:00,2.95,12578.0,Italy
480697,577316,23296,SET OF 6 TEA TIME BAKING CASES,16,2011-11-18 13:30:00,1.25,12578.0,Italy
480698,577316,23295,SET OF 12 MINI LOAF BAKING CASES,16,2011-11-18 13:30:00,0.83,12578.0,Italy
480699,577316,23293,SET OF 12 FAIRY CAKE BAKING CASES,16,2011-11-18 13:30:00,0.83,12578.0,Italy
480700,577316,22847,BREAD BIN DINER STYLE IVORY,4,2011-11-18 13:30:00,14.95,12578.0,Italy
480701,577316,22840,ROUND CAKE TIN VINTAGE RED,12,2011-11-18 13:30:00,6.95,12578.0,Italy
480702,577316,22939,ADULT APRON APPLE DELIGHT,4,2011-11-18 13:30:00,4.95,12578.0,Italy
480703,577316,22895,SET OF 2 TEA TOWELS APPLE AND PEARS,6,2011-11-18 13:30:00,3.25,12578.0,Italy
480704,577316,23271,CHRISTMAS TABLE SILVER CANDLE SPIKE,16,2011-11-18 13:30:00,0.83,12578.0,Italy
480705,577316,23497,CLASSIC CHROME BICYCLE BELL,12,2011-11-18 13:30:00,1.45,12578.0,Italy
480706,577316,22109,FULL ENGLISH BREAKFAST PLATE,4,2011-11-18 13:30:00,3.75,12578.0,Italy
480707,577316,22367,CHILDRENS APRON SPACEBOY DESIGN,8,2011-11-18 13:30:00,1.95,12578.0,Italy
480708,577316,23559,WOODLAND BUNNIES LOLLY MAKERS,6,2011-11-18 13:30:00,2.08,12578.0,Italy
480709,577316,84997D,CHILDRENS CUTLERY POLKADOT PINK,4,2011-11-18 13:30:00,4.15,12578.0,Italy
480710,577316,47591D,PINK FAIRY CAKE CHILDRENS APRON,8,2011-11-18 13:30:00,1.95,12578.0,Italy
480711,577316,21888,BINGO SET,4,2011-11-18 13:30:00,3.75,12578.0,Italy
480712,577316,21703,BAG 125g SWIRLY MARBLES,24,2011-11-18 13:30:00,0.42,12578.0,Italy
480713,577316,22992,REVOLVER WOODEN RULER,12,2011-11-18 13:30:00,1.95,12578.0,Italy
480714,577316,22492,MINI PAINT SET VINTAGE,36,2011-11-18 13:30:00,0.65,12578.0,Italy
480715,577316,23569,TRADTIONAL ALPHABET STAMP SET,8,2011-11-18 13:30:00,4.95,12578.0,Italy
480716,577316,22150,3 STRIPEY MICE FELTCRAFT,12,2011-11-18 13:30:00,1.95,12578.0,Italy
480717,577316,22271,FELTCRAFT DOLL ROSIE,6,2011-11-18 13:30:00,2.95,12578.0,Italy
480718,577316,22273,FELTCRAFT DOLL MOLLY,6,2011-11-18 13:30:00,2.95,12578.0,Italy
480719,577316,22751,FELTCRAFT PRINCESS OLIVIA DOLL,4,2011-11-18 13:30:00,3.75,12578.0,Italy
480720,577316,22750,FELTCRAFT PRINCESS LOLA DOLL,8,2011-11-18 13:30:00,3.75,12578.0,Italy
480721,577316,22749,FELTCRAFT PRINCESS CHARLOTTE DOLL,12,2011-11-18 13:30:00,3.75,12578.0,Italy
480722,577316,20972,PINK CREAM FELT CRAFT TRINKET BOX,12,2011-11-18 13:30:00,1.25,12578.0,Italy
480723,577316,20971,PINK BLUE FELT CRAFT TRINKET BOX,12,2011-11-18 13:30:00,1.25,12578.0,Italy
480724,577316,22759,SET OF 3 NOTEBOOKS IN PARCEL,12,2011-11-18 13:30:00,1.65,12578.0,Italy
480725,577316,23439,HAND WARMER RED LOVE HEART,12,2011-11-18 13:30:00,2.1,12578.0,Italy
480726,577316,22866,HAND WARMER SCOTTY DOG DESIGN,12,2011-11-18 13:30:00,2.1,12578.0,Italy
480727,577316,22867,HAND WARMER BIRD DESIGN,12,2011-11-18 13:30:00,2.1,12578.0,Italy
480728,577316,23582,VINTAGE DOILY JUMBO BAG RED,10,2011-11-18 13:30:00,2.08,12578.0,Italy
480729,577316,23203,JUMBO BAG VINTAGE DOILY,10,2011-11-18 13:30:00,2.08,12578.0,Italy
480730,577316,23681,LUNCH BAG RED VINTAGE DOILY,10,2011-11-18 13:30:00,1.65,12578.0,Italy
480731,577316,23209,LUNCH BAG VINTAGE DOILY,10,2011-11-18 13:30:00,1.65,12578.0,Italy
480732,577316,23240,SET OF 4 KNICK KNACK TINS DOILY,6,2011-11-18 13:30:00,4.15,12578.0,Italy
480733,577316,23493,VINTAGE DOILY TRAVEL SEWING KIT,10,2011-11-18 13:30:00,1.95,12578.0,Italy
480734,577316,22960,JAM MAKING SET WITH JARS,12,2011-11-18 13:30:00,3.75,12578.0,Italy
480735,577316,22989,SET 2 PANTRY DESIGN TEA TOWELS,6,2011-11-18 13:30:00,3.25,12578.0,Italy
480736,577316,POST,POSTAGE,7,2011-11-18 13:30:00,28.0,12578.0,Italy
485502,577609,23112,PARISIENNE CURIO CABINET,2,2011-11-21 09:51:00,7.5,12349.0,Italy
485503,577609,23460,SWEETHEART WALL TIDY,2,2011-11-21 09:51:00,9.95,12349.0,Italy
485504,577609,21564,PINK  HEART SHAPE LOVE BUCKET,6,2011-11-21 09:51:00,2.95,12349.0,Italy
485505,577609,21411,GINGHAM HEART  DOORSTOP RED,3,2011-11-21 09:51:00,4.25,12349.0,Italy
485506,577609,21563,RED HEART SHAPE LOVE BUCKET,6,2011-11-21 09:51:00,2.95,12349.0,Italy
485507,577609,22131,FOOD CONTAINER SET 3 LOVE HEART,6,2011-11-21 09:51:00,1.95,12349.0,Italy
485508,577609,22195,LARGE HEART MEASURING SPOONS,12,2011-11-21 09:51:00,1.65,12349.0,Italy
485509,577609,48194,DOORMAT HEARTS,2,2011-11-21 09:51:00,8.25,12349.0,Italy
485510,577609,84978,HANGING HEART JAR T-LIGHT HOLDER,12,2011-11-21 09:51:00,1.25,12349.0,Italy
485511,577609,22832,BROCANTE SHELF WITH HOOKS,2,2011-11-21 09:51:00,10.75,12349.0,Italy
485512,577609,22557,PLASTERS IN TIN VINTAGE PAISLEY,12,2011-11-21 09:51:00,1.65,12349.0,Italy
485513,577609,23198,PANTRY MAGNETIC  SHOPPING LIST,12,2011-11-21 09:51:00,1.45,12349.0,Italy
485514,577609,22666,RECIPE BOX PANTRY YELLOW DESIGN,6,2011-11-21 09:51:00,2.95,12349.0,Italy
485515,577609,22720,SET OF 3 CAKE TINS PANTRY DESIGN,3,2011-11-21 09:51:00,4.95,12349.0,Italy
485516,577609,22960,JAM MAKING SET WITH JARS,6,2011-11-21 09:51:00,4.25,12349.0,Italy
485517,577609,22722,SET OF 6 SPICE TINS PANTRY DESIGN,4,2011-11-21 09:51:00,3.95,12349.0,Italy
485518,577609,23113,PANTRY CHOPPING BOARD,3,2011-11-21 09:51:00,4.95,12349.0,Italy
485519,577609,22692,DOORMAT WELCOME TO OUR HOME,4,2011-11-21 09:51:00,8.25,12349.0,Italy
485520,577609,23253,16 PIECE CUTLERY SET PANTRY DESIGN,4,2011-11-21 09:51:00,15.95,12349.0,Italy
485521,577609,22071,SMALL WHITE RETROSPOT MUG IN BOX,6,2011-11-21 09:51:00,3.75,12349.0,Italy
485522,577609,85014A,BLACK/BLUE POLKADOT UMBRELLA,3,2011-11-21 09:51:00,5.95,12349.0,Italy
485523,577609,22567,20 DOLLY PEGS RETROSPOT,12,2011-11-21 09:51:00,1.45,12349.0,Italy
485524,577609,84078A,SET/4 WHITE RETRO STORAGE CUBES,1,2011-11-21 09:51:00,39.95,12349.0,Italy
485525,577609,22423,REGENCY CAKESTAND 3 TIER,1,2011-11-21 09:51:00,12.75,12349.0,Italy
485526,577609,20914,SET/5 RED RETROSPOT LID GLASS BOWLS,6,2011-11-21 09:51:00,2.95,12349.0,Italy
485527,577609,20685,DOORMAT RED RETROSPOT,6,2011-11-21 09:51:00,8.25,12349.0,Italy
485528,577609,21086,SET/6 RED SPOTTY PAPER CUPS,12,2011-11-21 09:51:00,0.65,12349.0,Italy
485529,577609,21535,RED RETROSPOT SMALL MILK JUG,6,2011-11-21 09:51:00,2.55,12349.0,Italy
485530,577609,21531,RED RETROSPOT SUGAR JAM BOWL,6,2011-11-21 09:51:00,2.55,12349.0,Italy
485531,577609,21533,RETROSPOT LARGE MILK JUG,3,2011-11-21 09:51:00,4.95,12349.0,Italy
485532,577609,22070,SMALL RED RETROSPOT MUG IN BOX,6,2011-11-21 09:51:00,3.75,12349.0,Italy
485533,577609,21787,RAIN PONCHO RETROSPOT,24,2011-11-21 09:51:00,0.85,12349.0,Italy
485534,577609,85014B,RED RETROSPOT UMBRELLA,3,2011-11-21 09:51:00,5.95,12349.0,Italy
485535,577609,22553,PLASTERS IN TIN SKULLS,12,2011-11-21 09:51:00,1.65,12349.0,Italy
485536,577609,23020,GLASS  SONGBIRD STORAGE JAR,1,2011-11-21 09:51:00,12.5,12349.0,Italy
485537,577609,23293,SET OF 12 FAIRY CAKE BAKING CASES,8,2011-11-21 09:51:00,0.83,12349.0,Italy
485538,577609,23296,SET OF 6 TEA TIME BAKING CASES,8,2011-11-21 09:51:00,1.25,12349.0,Italy
485539,577609,23294,SET OF 6 SNACK LOAF BAKING CASES,8,2011-11-21 09:51:00,0.83,12349.0,Italy
485540,577609,23545,WRAP RED VINTAGE DOILY,25,2011-11-21 09:51:00,0.42,12349.0,Italy
485541,577609,23295,SET OF 12 MINI LOAF BAKING CASES,8,2011-11-21 09:51:00,0.83,12349.0,Italy
485542,577609,23236,STORAGE TIN VINTAGE DOILY,6,2011-11-21 09:51:00,2.89,12349.0,Italy
485543,577609,23240,SET OF 4 KNICK KNACK TINS DOILY,6,2011-11-21 09:51:00,4.15,12349.0,Italy
485544,577609,23283,DOORMAT VINTAGE LEAF,2,2011-11-21 09:51:00,8.25,12349.0,Italy
485545,577609,22326,ROUND SNACK BOXES SET OF4 WOODLAND,6,2011-11-21 09:51:00,2.95,12349.0,Italy
485546,577609,22554,PLASTERS IN TIN WOODLAND ANIMALS,12,2011-11-21 09:51:00,1.65,12349.0,Italy
485547,577609,22555,PLASTERS IN TIN STRONGMAN,12,2011-11-21 09:51:00,1.65,12349.0,Italy
485548,577609,22333,RETROSPOT PARTY BAG + STICKER SET,8,2011-11-21 09:51:00,1.65,12349.0,Italy
485549,577609,23493,VINTAGE DOILY TRAVEL SEWING KIT,10,2011-11-21 09:51:00,1.95,12349.0,Italy
485550,577609,23494,VINTAGE DOILY DELUXE SEWING KIT,3,2011-11-21 09:51:00,5.95,12349.0,Italy
485551,577609,23497,CLASSIC CHROME BICYCLE BELL,12,2011-11-21 09:51:00,1.45,12349.0,Italy
485552,577609,23514,EMBROIDERED RIBBON REEL SALLY,6,2011-11-21 09:51:00,2.08,12349.0,Italy
485553,577609,21136,PAINTED METAL PEARS ASSORTED,16,2011-11-21 09:51:00,1.69,12349.0,Italy
485554,577609,22704,WRAP RED APPLES,25,2011-11-21 09:51:00,0.42,12349.0,Italy
485555,577609,22601,CHRISTMAS RETROSPOT ANGEL WOOD,12,2011-11-21 09:51:00,0.85,12349.0,Italy
485556,577609,23263,SET OF 3 WOODEN HEART DECORATIONS,12,2011-11-21 09:51:00,1.25,12349.0,Italy
485557,577609,23273,HEART T-LIGHT HOLDER WILLIE WINKIE,12,2011-11-21 09:51:00,1.65,12349.0,Italy
485558,577609,23439,HAND WARMER RED LOVE HEART,12,2011-11-21 09:51:00,2.1,12349.0,Italy
485559,577609,35970,ZINC FOLKART SLEIGH BELLS,12,2011-11-21 09:51:00,1.69,12349.0,Italy
485560,577609,22556,PLASTERS IN TIN CIRCUS PARADE,12,2011-11-21 09:51:00,1.65,12349.0,Italy
485561,577609,47504H,ENGLISH ROSE SPIRIT LEVEL,12,2011-11-21 09:51:00,0.79,12349.0,Italy
485562,577609,23108,SET OF 10 LED DOLLY LIGHTS,2,2011-11-21 09:51:00,6.25,12349.0,Italy
485563,577609,85053,FRENCH ENAMEL CANDLEHOLDER,6,2011-11-21 09:51:00,2.1,12349.0,Italy
485564,577609,22441,GROW YOUR OWN BASIL IN ENAMEL MUG,8,2011-11-21 09:51:00,2.1,12349.0,Italy
485565,577609,22430,ENAMEL WATERING CAN CREAM,4,2011-11-21 09:51:00,4.95,12349.0,Italy
485566,577609,48184,DOORMAT ENGLISH ROSE,6,2011-11-21 09:51:00,8.25,12349.0,Italy
485567,577609,22059,CERAMIC STRAWBERRY DESIGN MUG,12,2011-11-21 09:51:00,1.49,12349.0,Italy
485568,577609,21231,SWEETHEART CERAMIC TRINKET BOX,36,2011-11-21 09:51:00,1.25,12349.0,Italy
485569,577609,21232,STRAWBERRY CERAMIC TRINKET POT,36,2011-11-21 09:51:00,1.25,12349.0,Italy
485570,577609,22064,PINK DOUGHNUT TRINKET POT,12,2011-11-21 09:51:00,1.65,12349.0,Italy
485571,577609,37448,CERAMIC CAKE DESIGN SPOTTED MUG,12,2011-11-21 09:51:00,1.49,12349.0,Italy
485572,577609,37500,TEA TIME TEAPOT IN GIFT BOX,12,2011-11-21 09:51:00,4.95,12349.0,Italy
485573,577609,48185,DOORMAT FAIRY CAKE,4,2011-11-21 09:51:00,8.25,12349.0,Italy
485574,577609,POST,POSTAGE,1,2011-11-21 09:51:00,300.0,12349.0,Italy
488300,577809,21430,SET/3 RED GINGHAM ROSE STORAGE BOX,4,2011-11-22 08:34:00,3.75,12584.0,Italy
488301,577809,22847,BREAD BIN DINER STYLE IVORY,4,2011-11-22 08:34:00,14.95,12584.0,Italy
488302,577809,22667,RECIPE BOX RETROSPOT,2,2011-11-22 08:34:00,2.95,12584.0,Italy
488303,577809,22666,RECIPE BOX PANTRY YELLOW DESIGN,6,2011-11-22 08:34:00,2.95,12584.0,Italy
488304,577809,22120,WELCOME  WOODEN BLOCK LETTERS,9,2011-11-22 08:34:00,9.95,12584.0,Italy
488305,577809,21216,"SET 3 RETROSPOT TEA,COFFEE,SUGAR",4,2011-11-22 08:34:00,4.95,12584.0,Italy
488306,577809,23243,SET OF TEA COFFEE SUGAR TINS PANTRY,4,2011-11-22 08:34:00,4.95,12584.0,Italy
488307,577809,48138,DOORMAT UNION FLAG,2,2011-11-22 08:34:00,8.25,12584.0,Italy
488308,577809,21524,DOORMAT SPOTTY HOME SWEET HOME,2,2011-11-22 08:34:00,8.25,12584.0,Italy
488309,577809,22844,VINTAGE CREAM DOG FOOD CONTAINER,12,2011-11-22 08:34:00,7.65,12584.0,Italy
488310,577809,22845,VINTAGE CREAM CAT FOOD CONTAINER,4,2011-11-22 08:34:00,6.35,12584.0,Italy
488311,577809,22853,CAT BOWL VINTAGE CREAM,6,2011-11-22 08:34:00,3.25,12584.0,Italy
488312,577809,22852,DOG BOWL VINTAGE CREAM,4,2011-11-22 08:34:00,4.25,12584.0,Italy
491888,578078,23154,SET OF 4 JAM JAR MAGNETS,12,2011-11-22 16:24:00,2.08,12586.0,Italy
491889,578078,23176,ABC TREASURE BOOK BOX,8,2011-11-22 16:24:00,2.25,12586.0,Italy
491890,578078,21733,RED HANGING HEART T-LIGHT HOLDER,6,2011-11-22 16:24:00,2.95,12586.0,Italy
491891,578078,85123A,WHITE HANGING HEART T-LIGHT HOLDER,6,2011-11-22 16:24:00,2.95,12586.0,Italy
491892,578078,22138,BAKING SET 9 PIECE RETROSPOT,3,2011-11-22 16:24:00,4.95,12586.0,Italy
491893,578078,22139,RETROSPOT TEA SET CERAMIC 11 PC,6,2011-11-22 16:24:00,4.95,12586.0,Italy
491894,578078,23021,GLASS BONNE JAM JAR,8,2011-11-22 16:24:00,4.15,12586.0,Italy
491895,578078,22720,SET OF 3 CAKE TINS PANTRY DESIGN,3,2011-11-22 16:24:00,4.95,12586.0,Italy
491896,578078,23142,IVORY WIRE KITCHEN ORGANISER,1,2011-11-22 16:24:00,10.4,12586.0,Italy
491897,578078,22845,VINTAGE CREAM CAT FOOD CONTAINER,2,2011-11-22 16:24:00,6.35,12586.0,Italy
491898,578078,16048,TEATIME ROUND PENCIL SHARPENER,24,2011-11-22 16:24:00,0.12,12586.0,Italy
492333,578108,23504,PLAYING CARDS JUBILEE UNION JACK,12,2011-11-23 09:20:00,1.25,14912.0,Italy
492334,578108,23507,MINI PLAYING CARDS BUFFALO BILL,20,2011-11-23 09:20:00,0.42,14912.0,Italy
492335,578108,23506,MINI PLAYING CARDS SPACEBOY,20,2011-11-23 09:20:00,0.42,14912.0,Italy
492336,578108,23583,LUNCH BAG PAISLEY PARK,10,2011-11-23 09:20:00,1.65,14912.0,Italy
492337,578108,23501,KEY RING BASEBALL BOOT UNION JACK,20,2011-11-23 09:20:00,1.25,14912.0,Italy
492338,578108,23358,HOT STUFF HOT WATER BOTTLE,12,2011-11-23 09:20:00,3.75,14912.0,Italy
492339,578108,23357,HOT WATER BOTTLE SEX BOMB,4,2011-11-23 09:20:00,4.95,14912.0,Italy
492340,578108,21169,YOU'RE CONFUSING ME METAL SIGN,12,2011-11-23 09:20:00,1.69,14912.0,Italy
492341,578108,22197,POPCORN HOLDER,100,2011-11-23 09:20:00,0.72,14912.0,Italy
492342,578108,51014L,"FEATHER PEN,LIGHT PINK",72,2011-11-23 09:20:00,0.39,14912.0,Italy
492343,578108,51014C,"FEATHER PEN,COAL BLACK",96,2011-11-23 09:20:00,0.39,14912.0,Italy
492344,578108,51014A,"FEATHER PEN,HOT PINK",144,2011-11-23 09:20:00,0.39,14912.0,Italy
492345,578108,22690,DOORMAT HOME SWEET HOME BLUE,4,2011-11-23 09:20:00,8.25,14912.0,Italy
529686,580746,21733,RED HANGING HEART T-LIGHT HOLDER,6,2011-12-06 09:35:00,2.95,12584.0,Italy
529687,580746,85123A,WHITE HANGING HEART T-LIGHT HOLDER,18,2011-12-06 09:35:00,2.95,12584.0,Italy
529688,580746,22847,BREAD BIN DINER STYLE IVORY,1,2011-12-06 09:35:00,16.95,12584.0,Italy
529689,580746,22846,BREAD BIN DINER STYLE RED,1,2011-12-06 09:35:00,16.95,12584.0,Italy
529690,580746,22667,RECIPE BOX RETROSPOT,6,2011-12-06 09:35:00,2.95,12584.0,Italy
529691,580746,48138,DOORMAT UNION FLAG,2,2011-12-06 09:35:00,8.25,12584.0,Italy
529692,580746,22627,MINT KITCHEN SCALES,2,2011-12-06 09:35:00,8.5,12584.0,Italy
529693,580746,22720,SET OF 3 CAKE TINS PANTRY DESIGN,9,2011-12-06 09:35:00,4.95,12584.0,Italy
